Analysis & Synthesis report for uart_loopback_wrapper
Sun Sep 13 22:56:28 2026
Quartus Prime Version 18.1.0 Build 625 09/12/2018 SJ Lite Edition


---------------------
; Table of Contents ;
---------------------
  1. Legal Notice
  2. Analysis & Synthesis Summary
  3. Analysis & Synthesis Settings
  4. Parallel Compilation
  5. Analysis & Synthesis Source Files Read
  6. Analysis & Synthesis Resource Usage Summary
  7. Analysis & Synthesis Resource Utilization by Entity
  8. Analysis & Synthesis RAM Summary
  9. Analysis & Synthesis IP Cores Summary
 10. State Machine - |top|uart_loopback_wrapper:U_LOOPBACK|UART:U_UART|UART_RX:U0_UART_RX|uart_rx_fsm:uart_rx_fsm_inst|current_state
 11. State Machine - |top|uart_loopback_wrapper:U_LOOPBACK|UART:U_UART|UART_TX:U0_UART_TX|FSM:fsm_inst|current_state
 12. Registers Removed During Synthesis
 13. Removed Registers Triggering Further Register Optimizations
 14. General Register Statistics
 15. Inverted Register Statistics
 16. Multiplexer Restructuring Statistics (Restructuring Performed)
 17. Source assignments for sld_signaltap:auto_signaltap_0
 18. Parameter Settings for User Entity Instance: MY_PLL:U_PLL|altpll:altpll_component
 19. Parameter Settings for User Entity Instance: uart_loopback_wrapper:U_LOOPBACK|RST_SYNC:U0_RST_SYNC
 20. Parameter Settings for User Entity Instance: uart_loopback_wrapper:U_LOOPBACK|RST_SYNC:U2_RST_SYNC
 21. Parameter Settings for User Entity Instance: uart_loopback_wrapper:U_LOOPBACK|ClkDiv:U0_ClkDiv_TX
 22. Parameter Settings for User Entity Instance: uart_loopback_wrapper:U_LOOPBACK|REQ_ACK_SYNC:U0_REQ_ACK_SYNC
 23. Parameter Settings for User Entity Instance: uart_loopback_wrapper:U_LOOPBACK|UART:U_UART
 24. Parameter Settings for User Entity Instance: uart_loopback_wrapper:U_LOOPBACK|UART:U_UART|UART_TX:U0_UART_TX
 25. Parameter Settings for User Entity Instance: uart_loopback_wrapper:U_LOOPBACK|UART:U_UART|UART_TX:U0_UART_TX|Parity_Calc:parity_calc_inst
 26. Parameter Settings for User Entity Instance: uart_loopback_wrapper:U_LOOPBACK|UART:U_UART|UART_TX:U0_UART_TX|serializer:serializer_inst
 27. Parameter Settings for User Entity Instance: uart_loopback_wrapper:U_LOOPBACK|UART:U_UART|UART_RX:U0_UART_RX
 28. Parameter Settings for User Entity Instance: uart_loopback_wrapper:U_LOOPBACK|UART:U_UART|UART_RX:U0_UART_RX|edge_bit_counter:edge_bit_counter_inst
 29. Parameter Settings for User Entity Instance: uart_loopback_wrapper:U_LOOPBACK|UART:U_UART|UART_RX:U0_UART_RX|data_sampling:data_sampling_inst
 30. Parameter Settings for User Entity Instance: uart_loopback_wrapper:U_LOOPBACK|UART:U_UART|UART_RX:U0_UART_RX|deserializer:deserializer_inst
 31. Parameter Settings for User Entity Instance: uart_loopback_wrapper:U_LOOPBACK|UART:U_UART|UART_RX:U0_UART_RX|parity_check:parity_check_inst
 32. Parameter Settings for User Entity Instance: uart_loopback_wrapper:U_LOOPBACK|UART:U_UART|UART_RX:U0_UART_RX|uart_rx_fsm:uart_rx_fsm_inst
 33. Parameter Settings for Inferred Entity Instance: sld_signaltap:auto_signaltap_0
 34. altpll Parameter Settings by Entity Instance
 35. Port Connectivity Checks: "uart_loopback_wrapper:U_LOOPBACK|UART:U_UART|UART_TX:U0_UART_TX|TX_MUX:tx_mux_inst"
 36. Port Connectivity Checks: "uart_loopback_wrapper:U_LOOPBACK|UART:U_UART"
 37. Port Connectivity Checks: "uart_loopback_wrapper:U_LOOPBACK|ClkDiv:U0_ClkDiv_TX"
 38. Port Connectivity Checks: "uart_loopback_wrapper:U_LOOPBACK"
 39. Port Connectivity Checks: "MY_PLL:U_PLL"
 40. Signal Tap Logic Analyzer Settings
 41. Post-Synthesis Netlist Statistics for Top Partition
 42. Elapsed Time Per Partition
 43. Connections to In-System Debugging Instance "auto_signaltap_0"
 44. Analysis & Synthesis Messages
 45. Analysis & Synthesis Suppressed Messages



----------------
; Legal Notice ;
----------------
Copyright (C) 2018  Intel Corporation. All rights reserved.
Your use of Intel Corporation's design tools, logic functions 
and other software and tools, and its AMPP partner logic 
functions, and any output files from any of the foregoing 
(including device programming or simulation files), and any 
associated documentation or information are expressly subject 
to the terms and conditions of the Intel Program License 
Subscription Agreement, the Intel Quartus Prime License Agreement,
the Intel FPGA IP License Agreement, or other applicable license
agreement, including, without limitation, that your use is for
the sole purpose of programming logic devices manufactured by
Intel and sold by Intel or its authorized distributors.  Please
refer to the applicable agreement for further details.



+----------------------------------------------------------------------------------+
; Analysis & Synthesis Summary                                                     ;
+------------------------------------+---------------------------------------------+
; Analysis & Synthesis Status        ; Successful - Sun Sep 13 22:56:28 2026       ;
; Quartus Prime Version              ; 18.1.0 Build 625 09/12/2018 SJ Lite Edition ;
; Revision Name                      ; uart_loopback_wrapper                       ;
; Top-level Entity Name              ; top                                         ;
; Family                             ; MAX 10                                      ;
; Total logic elements               ; 825                                         ;
;     Total combinational functions  ; 549                                         ;
;     Dedicated logic registers      ; 606                                         ;
; Total registers                    ; 606                                         ;
; Total pins                         ; 7                                           ;
; Total virtual pins                 ; 0                                           ;
; Total memory bits                  ; 13,312                                      ;
; Embedded Multiplier 9-bit elements ; 0                                           ;
; Total PLLs                         ; 1                                           ;
; UFM blocks                         ; 0                                           ;
; ADC blocks                         ; 0                                           ;
+------------------------------------+---------------------------------------------+


+---------------------------------------------------------------------------------------------------------------+
; Analysis & Synthesis Settings                                                                                 ;
+------------------------------------------------------------------+--------------------+-----------------------+
; Option                                                           ; Setting            ; Default Value         ;
+------------------------------------------------------------------+--------------------+-----------------------+
; Device                                                           ; 10M50DAF484C7G     ;                       ;
; Top-level entity name                                            ; top                ; uart_loopback_wrapper ;
; Family name                                                      ; MAX 10             ; Cyclone V             ;
; Use smart compilation                                            ; Off                ; Off                   ;
; Enable parallel Assembler and Timing Analyzer during compilation ; On                 ; On                    ;
; Enable compact report table                                      ; Off                ; Off                   ;
; Restructure Multiplexers                                         ; Auto               ; Auto                  ;
; Create Debugging Nodes for IP Cores                              ; Off                ; Off                   ;
; Preserve fewer node names                                        ; On                 ; On                    ;
; Intel FPGA IP Evaluation Mode                                    ; Enable             ; Enable                ;
; Verilog Version                                                  ; Verilog_2001       ; Verilog_2001          ;
; VHDL Version                                                     ; VHDL_1993          ; VHDL_1993             ;
; State Machine Processing                                         ; Auto               ; Auto                  ;
; Safe State Machine                                               ; Off                ; Off                   ;
; Extract Verilog State Machines                                   ; On                 ; On                    ;
; Extract VHDL State Machines                                      ; On                 ; On                    ;
; Ignore Verilog initial constructs                                ; Off                ; Off                   ;
; Iteration limit for constant Verilog loops                       ; 5000               ; 5000                  ;
; Iteration limit for non-constant Verilog loops                   ; 250                ; 250                   ;
; Add Pass-Through Logic to Inferred RAMs                          ; On                 ; On                    ;
; Infer RAMs from Raw Logic                                        ; On                 ; On                    ;
; Parallel Synthesis                                               ; On                 ; On                    ;
; DSP Block Balancing                                              ; Auto               ; Auto                  ;
; NOT Gate Push-Back                                               ; On                 ; On                    ;
; Power-Up Don't Care                                              ; On                 ; On                    ;
; Remove Redundant Logic Cells                                     ; Off                ; Off                   ;
; Remove Duplicate Registers                                       ; On                 ; On                    ;
; Ignore CARRY Buffers                                             ; Off                ; Off                   ;
; Ignore CASCADE Buffers                                           ; Off                ; Off                   ;
; Ignore GLOBAL Buffers                                            ; Off                ; Off                   ;
; Ignore ROW GLOBAL Buffers                                        ; Off                ; Off                   ;
; Ignore LCELL Buffers                                             ; Off                ; Off                   ;
; Ignore SOFT Buffers                                              ; On                 ; On                    ;
; Limit AHDL Integers to 32 Bits                                   ; Off                ; Off                   ;
; Optimization Technique                                           ; Balanced           ; Balanced              ;
; Carry Chain Length                                               ; 70                 ; 70                    ;
; Auto Carry Chains                                                ; On                 ; On                    ;
; Auto Open-Drain Pins                                             ; On                 ; On                    ;
; Perform WYSIWYG Primitive Resynthesis                            ; Off                ; Off                   ;
; Auto ROM Replacement                                             ; On                 ; On                    ;
; Auto RAM Replacement                                             ; On                 ; On                    ;
; Auto DSP Block Replacement                                       ; On                 ; On                    ;
; Auto Shift Register Replacement                                  ; Auto               ; Auto                  ;
; Allow Shift Register Merging across Hierarchies                  ; Auto               ; Auto                  ;
; Auto Clock Enable Replacement                                    ; On                 ; On                    ;
; Strict RAM Replacement                                           ; Off                ; Off                   ;
; Allow Synchronous Control Signals                                ; On                 ; On                    ;
; Force Use of Synchronous Clear Signals                           ; Off                ; Off                   ;
; Auto RAM Block Balancing                                         ; On                 ; On                    ;
; Auto RAM to Logic Cell Conversion                                ; Off                ; Off                   ;
; Auto Resource Sharing                                            ; Off                ; Off                   ;
; Allow Any RAM Size For Recognition                               ; Off                ; Off                   ;
; Allow Any ROM Size For Recognition                               ; Off                ; Off                   ;
; Allow Any Shift Register Size For Recognition                    ; Off                ; Off                   ;
; Use LogicLock Constraints during Resource Balancing              ; On                 ; On                    ;
; Ignore translate_off and synthesis_off directives                ; Off                ; Off                   ;
; Timing-Driven Synthesis                                          ; On                 ; On                    ;
; Report Parameter Settings                                        ; On                 ; On                    ;
; Report Source Assignments                                        ; On                 ; On                    ;
; Report Connectivity Checks                                       ; On                 ; On                    ;
; Ignore Maximum Fan-Out Assignments                               ; Off                ; Off                   ;
; Synchronization Register Chain Length                            ; 2                  ; 2                     ;
; Power Optimization During Synthesis                              ; Normal compilation ; Normal compilation    ;
; HDL message level                                                ; Level2             ; Level2                ;
; Suppress Register Optimization Related Messages                  ; Off                ; Off                   ;
; Number of Removed Registers Reported in Synthesis Report         ; 5000               ; 5000                  ;
; Number of Swept Nodes Reported in Synthesis Report               ; 5000               ; 5000                  ;
; Number of Inverted Registers Reported in Synthesis Report        ; 100                ; 100                   ;
; Clock MUX Protection                                             ; On                 ; On                    ;
; Auto Gated Clock Conversion                                      ; Off                ; Off                   ;
; Block Design Naming                                              ; Auto               ; Auto                  ;
; SDC constraint protection                                        ; Off                ; Off                   ;
; Synthesis Effort                                                 ; Auto               ; Auto                  ;
; Shift Register Replacement - Allow Asynchronous Clear Signal     ; On                 ; On                    ;
; Pre-Mapping Resynthesis Optimization                             ; Off                ; Off                   ;
; Analysis & Synthesis Message Level                               ; Medium             ; Medium                ;
; Disable Register Merging Across Hierarchies                      ; Auto               ; Auto                  ;
; Resource Aware Inference For Block RAM                           ; On                 ; On                    ;
+------------------------------------------------------------------+--------------------+-----------------------+


+------------------------------------------+
; Parallel Compilation                     ;
+----------------------------+-------------+
; Processors                 ; Number      ;
+----------------------------+-------------+
; Number detected on machine ; 20          ;
; Maximum allowed            ; 14          ;
;                            ;             ;
; Average used               ; 1.00        ;
; Maximum used               ; 14          ;
;                            ;             ;
; Usage by Processor         ; % Time Used ;
;     Processor 1            ; 100.0%      ;
;     Processor 2            ;   0.0%      ;
;     Processors 3-14        ;   0.0%      ;
+----------------------------+-------------+


+-------------------------------------------------------------------------------------------------------------------------------------------------------------------------------------------------------------------------------------------------------------------------------------------------------------------------+
; Analysis & Synthesis Source Files Read                                                                                                                                                                                                                                                                                  ;
+------------------------------------------------------------------------+-----------------+----------------------------------------------+-----------------------------------------------------------------------------------------------------------------------------------------------------------------+-------------+
; File Name with User-Entered Path                                       ; Used in Netlist ; File Type                                    ; File Name with Absolute Path                                                                                                                                    ; Library     ;
+------------------------------------------------------------------------+-----------------+----------------------------------------------+-----------------------------------------------------------------------------------------------------------------------------------------------------------------+-------------+
; top.v                                                                  ; yes             ; User Verilog HDL File                        ; C:/Users/Dell/Desktop/Eltemsah Digital IC Design Course/Assignments/System/UART_RTL/uart/top.v                                                                  ;             ;
; UART_TX.v                                                              ; yes             ; User Verilog HDL File                        ; C:/Users/Dell/Desktop/Eltemsah Digital IC Design Course/Assignments/System/UART_RTL/uart/UART_TX.v                                                              ;             ;
; uart_rx_fsm.v                                                          ; yes             ; User Verilog HDL File                        ; C:/Users/Dell/Desktop/Eltemsah Digital IC Design Course/Assignments/System/UART_RTL/uart/uart_rx_fsm.v                                                          ;             ;
; UART_RX.v                                                              ; yes             ; User Verilog HDL File                        ; C:/Users/Dell/Desktop/Eltemsah Digital IC Design Course/Assignments/System/UART_RTL/uart/UART_RX.v                                                              ;             ;
; uart_loopback_wrapper.v                                                ; yes             ; User Verilog HDL File                        ; C:/Users/Dell/Desktop/Eltemsah Digital IC Design Course/Assignments/System/UART_RTL/uart/uart_loopback_wrapper.v                                                ;             ;
; UART.v                                                                 ; yes             ; User Verilog HDL File                        ; C:/Users/Dell/Desktop/Eltemsah Digital IC Design Course/Assignments/System/UART_RTL/uart/UART.v                                                                 ;             ;
; TX_MUX.V                                                               ; yes             ; User Verilog HDL File                        ; C:/Users/Dell/Desktop/Eltemsah Digital IC Design Course/Assignments/System/UART_RTL/uart/TX_MUX.V                                                               ;             ;
; stop_check.v                                                           ; yes             ; User Verilog HDL File                        ; C:/Users/Dell/Desktop/Eltemsah Digital IC Design Course/Assignments/System/UART_RTL/uart/stop_check.v                                                           ;             ;
; start_check.v                                                          ; yes             ; User Verilog HDL File                        ; C:/Users/Dell/Desktop/Eltemsah Digital IC Design Course/Assignments/System/UART_RTL/uart/start_check.v                                                          ;             ;
; serializer.v                                                           ; yes             ; User Verilog HDL File                        ; C:/Users/Dell/Desktop/Eltemsah Digital IC Design Course/Assignments/System/UART_RTL/uart/serializer.v                                                           ;             ;
; RST_SYNC.v                                                             ; yes             ; User Verilog HDL File                        ; C:/Users/Dell/Desktop/Eltemsah Digital IC Design Course/Assignments/System/UART_RTL/uart/RST_SYNC.v                                                             ;             ;
; REQ_ACK_SYNC.v                                                         ; yes             ; User Verilog HDL File                        ; C:/Users/Dell/Desktop/Eltemsah Digital IC Design Course/Assignments/System/UART_RTL/uart/REQ_ACK_SYNC.v                                                         ;             ;
; parity_check.v                                                         ; yes             ; User Verilog HDL File                        ; C:/Users/Dell/Desktop/Eltemsah Digital IC Design Course/Assignments/System/UART_RTL/uart/parity_check.v                                                         ;             ;
; Parity_Calc.v                                                          ; yes             ; User Verilog HDL File                        ; C:/Users/Dell/Desktop/Eltemsah Digital IC Design Course/Assignments/System/UART_RTL/uart/Parity_Calc.v                                                          ;             ;
; FSM.V                                                                  ; yes             ; User Verilog HDL File                        ; C:/Users/Dell/Desktop/Eltemsah Digital IC Design Course/Assignments/System/UART_RTL/uart/FSM.V                                                                  ;             ;
; edge_bit_counter.v                                                     ; yes             ; User Verilog HDL File                        ; C:/Users/Dell/Desktop/Eltemsah Digital IC Design Course/Assignments/System/UART_RTL/uart/edge_bit_counter.v                                                     ;             ;
; deserializer.v                                                         ; yes             ; User Verilog HDL File                        ; C:/Users/Dell/Desktop/Eltemsah Digital IC Design Course/Assignments/System/UART_RTL/uart/deserializer.v                                                         ;             ;
; data_sampling.v                                                        ; yes             ; User Verilog HDL File                        ; C:/Users/Dell/Desktop/Eltemsah Digital IC Design Course/Assignments/System/UART_RTL/uart/data_sampling.v                                                        ;             ;
; ClkDiv.v                                                               ; yes             ; User Verilog HDL File                        ; C:/Users/Dell/Desktop/Eltemsah Digital IC Design Course/Assignments/System/UART_RTL/uart/ClkDiv.v                                                               ;             ;
; MY_PLL.v                                                               ; yes             ; User Wizard-Generated File                   ; C:/Users/Dell/Desktop/Eltemsah Digital IC Design Course/Assignments/System/UART_RTL/uart/MY_PLL.v                                                               ;             ;
; altpll.tdf                                                             ; yes             ; Megafunction                                 ; c:/intelfpga_lite/18.1/quartus/libraries/megafunctions/altpll.tdf                                                                                               ;             ;
; aglobal181.inc                                                         ; yes             ; Megafunction                                 ; c:/intelfpga_lite/18.1/quartus/libraries/megafunctions/aglobal181.inc                                                                                           ;             ;
; stratix_pll.inc                                                        ; yes             ; Megafunction                                 ; c:/intelfpga_lite/18.1/quartus/libraries/megafunctions/stratix_pll.inc                                                                                          ;             ;
; stratixii_pll.inc                                                      ; yes             ; Megafunction                                 ; c:/intelfpga_lite/18.1/quartus/libraries/megafunctions/stratixii_pll.inc                                                                                        ;             ;
; cycloneii_pll.inc                                                      ; yes             ; Megafunction                                 ; c:/intelfpga_lite/18.1/quartus/libraries/megafunctions/cycloneii_pll.inc                                                                                        ;             ;
; db/my_pll_altpll.v                                                     ; yes             ; Auto-Generated Megafunction                  ; C:/Users/Dell/Desktop/Eltemsah Digital IC Design Course/Assignments/System/UART_RTL/uart/db/my_pll_altpll.v                                                     ;             ;
; sld_signaltap.vhd                                                      ; yes             ; Megafunction                                 ; c:/intelfpga_lite/18.1/quartus/libraries/megafunctions/sld_signaltap.vhd                                                                                        ;             ;
; sld_signaltap_impl.vhd                                                 ; yes             ; Encrypted Megafunction                       ; c:/intelfpga_lite/18.1/quartus/libraries/megafunctions/sld_signaltap_impl.vhd                                                                                   ;             ;
; sld_ela_control.vhd                                                    ; yes             ; Encrypted Megafunction                       ; c:/intelfpga_lite/18.1/quartus/libraries/megafunctions/sld_ela_control.vhd                                                                                      ;             ;
; lpm_shiftreg.tdf                                                       ; yes             ; Megafunction                                 ; c:/intelfpga_lite/18.1/quartus/libraries/megafunctions/lpm_shiftreg.tdf                                                                                         ;             ;
; lpm_constant.inc                                                       ; yes             ; Megafunction                                 ; c:/intelfpga_lite/18.1/quartus/libraries/megafunctions/lpm_constant.inc                                                                                         ;             ;
; dffeea.inc                                                             ; yes             ; Megafunction                                 ; c:/intelfpga_lite/18.1/quartus/libraries/megafunctions/dffeea.inc                                                                                               ;             ;
; sld_mbpmg.vhd                                                          ; yes             ; Encrypted Megafunction                       ; c:/intelfpga_lite/18.1/quartus/libraries/megafunctions/sld_mbpmg.vhd                                                                                            ;             ;
; sld_ela_trigger_flow_sel.tdf                                           ; yes             ; Encrypted Megafunction                       ; c:/intelfpga_lite/18.1/quartus/libraries/megafunctions/sld_ela_trigger_flow_sel.tdf                                                                             ;             ;
; db/sld_ela_trigger_flow_sel_f451.tdf                                   ; yes             ; Auto-Generated Megafunction                  ; C:/Users/Dell/Desktop/Eltemsah Digital IC Design Course/Assignments/System/UART_RTL/uart/db/sld_ela_trigger_flow_sel_f451.tdf                                   ;             ;
; db/sld_reserved_uart_loopback_wrapper_auto_signaltap_0_flow_mgr_c90c.v ; yes             ; Encrypted Auto-Generated Megafunction        ; C:/Users/Dell/Desktop/Eltemsah Digital IC Design Course/Assignments/System/UART_RTL/uart/db/sld_reserved_uart_loopback_wrapper_auto_signaltap_0_flow_mgr_c90c.v ;             ;
; sld_buffer_manager.vhd                                                 ; yes             ; Encrypted Megafunction                       ; c:/intelfpga_lite/18.1/quartus/libraries/megafunctions/sld_buffer_manager.vhd                                                                                   ;             ;
; altsyncram.tdf                                                         ; yes             ; Megafunction                                 ; c:/intelfpga_lite/18.1/quartus/libraries/megafunctions/altsyncram.tdf                                                                                           ;             ;
; stratix_ram_block.inc                                                  ; yes             ; Megafunction                                 ; c:/intelfpga_lite/18.1/quartus/libraries/megafunctions/stratix_ram_block.inc                                                                                    ;             ;
; lpm_mux.inc                                                            ; yes             ; Megafunction                                 ; c:/intelfpga_lite/18.1/quartus/libraries/megafunctions/lpm_mux.inc                                                                                              ;             ;
; lpm_decode.inc                                                         ; yes             ; Megafunction                                 ; c:/intelfpga_lite/18.1/quartus/libraries/megafunctions/lpm_decode.inc                                                                                           ;             ;
; a_rdenreg.inc                                                          ; yes             ; Megafunction                                 ; c:/intelfpga_lite/18.1/quartus/libraries/megafunctions/a_rdenreg.inc                                                                                            ;             ;
; altrom.inc                                                             ; yes             ; Megafunction                                 ; c:/intelfpga_lite/18.1/quartus/libraries/megafunctions/altrom.inc                                                                                               ;             ;
; altram.inc                                                             ; yes             ; Megafunction                                 ; c:/intelfpga_lite/18.1/quartus/libraries/megafunctions/altram.inc                                                                                               ;             ;
; altdpram.inc                                                           ; yes             ; Megafunction                                 ; c:/intelfpga_lite/18.1/quartus/libraries/megafunctions/altdpram.inc                                                                                             ;             ;
; db/altsyncram_0l14.tdf                                                 ; yes             ; Auto-Generated Megafunction                  ; C:/Users/Dell/Desktop/Eltemsah Digital IC Design Course/Assignments/System/UART_RTL/uart/db/altsyncram_0l14.tdf                                                 ;             ;
; altdpram.tdf                                                           ; yes             ; Megafunction                                 ; c:/intelfpga_lite/18.1/quartus/libraries/megafunctions/altdpram.tdf                                                                                             ;             ;
; memmodes.inc                                                           ; yes             ; Megafunction                                 ; c:/intelfpga_lite/18.1/quartus/libraries/others/maxplus2/memmodes.inc                                                                                           ;             ;
; a_hdffe.inc                                                            ; yes             ; Megafunction                                 ; c:/intelfpga_lite/18.1/quartus/libraries/megafunctions/a_hdffe.inc                                                                                              ;             ;
; alt_le_rden_reg.inc                                                    ; yes             ; Megafunction                                 ; c:/intelfpga_lite/18.1/quartus/libraries/megafunctions/alt_le_rden_reg.inc                                                                                      ;             ;
; altsyncram.inc                                                         ; yes             ; Megafunction                                 ; c:/intelfpga_lite/18.1/quartus/libraries/megafunctions/altsyncram.inc                                                                                           ;             ;
; lpm_mux.tdf                                                            ; yes             ; Megafunction                                 ; c:/intelfpga_lite/18.1/quartus/libraries/megafunctions/lpm_mux.tdf                                                                                              ;             ;
; muxlut.inc                                                             ; yes             ; Megafunction                                 ; c:/intelfpga_lite/18.1/quartus/libraries/megafunctions/muxlut.inc                                                                                               ;             ;
; bypassff.inc                                                           ; yes             ; Megafunction                                 ; c:/intelfpga_lite/18.1/quartus/libraries/megafunctions/bypassff.inc                                                                                             ;             ;
; altshift.inc                                                           ; yes             ; Megafunction                                 ; c:/intelfpga_lite/18.1/quartus/libraries/megafunctions/altshift.inc                                                                                             ;             ;
; db/mux_f7c.tdf                                                         ; yes             ; Auto-Generated Megafunction                  ; C:/Users/Dell/Desktop/Eltemsah Digital IC Design Course/Assignments/System/UART_RTL/uart/db/mux_f7c.tdf                                                         ;             ;
; lpm_decode.tdf                                                         ; yes             ; Megafunction                                 ; c:/intelfpga_lite/18.1/quartus/libraries/megafunctions/lpm_decode.tdf                                                                                           ;             ;
; declut.inc                                                             ; yes             ; Megafunction                                 ; c:/intelfpga_lite/18.1/quartus/libraries/megafunctions/declut.inc                                                                                               ;             ;
; lpm_compare.inc                                                        ; yes             ; Megafunction                                 ; c:/intelfpga_lite/18.1/quartus/libraries/megafunctions/lpm_compare.inc                                                                                          ;             ;
; db/decode_3af.tdf                                                      ; yes             ; Auto-Generated Megafunction                  ; C:/Users/Dell/Desktop/Eltemsah Digital IC Design Course/Assignments/System/UART_RTL/uart/db/decode_3af.tdf                                                      ;             ;
; lpm_counter.tdf                                                        ; yes             ; Megafunction                                 ; c:/intelfpga_lite/18.1/quartus/libraries/megafunctions/lpm_counter.tdf                                                                                          ;             ;
; lpm_add_sub.inc                                                        ; yes             ; Megafunction                                 ; c:/intelfpga_lite/18.1/quartus/libraries/megafunctions/lpm_add_sub.inc                                                                                          ;             ;
; cmpconst.inc                                                           ; yes             ; Megafunction                                 ; c:/intelfpga_lite/18.1/quartus/libraries/megafunctions/cmpconst.inc                                                                                             ;             ;
; lpm_counter.inc                                                        ; yes             ; Megafunction                                 ; c:/intelfpga_lite/18.1/quartus/libraries/megafunctions/lpm_counter.inc                                                                                          ;             ;
; alt_counter_stratix.inc                                                ; yes             ; Megafunction                                 ; c:/intelfpga_lite/18.1/quartus/libraries/megafunctions/alt_counter_stratix.inc                                                                                  ;             ;
; db/cntr_2rh.tdf                                                        ; yes             ; Auto-Generated Megafunction                  ; C:/Users/Dell/Desktop/Eltemsah Digital IC Design Course/Assignments/System/UART_RTL/uart/db/cntr_2rh.tdf                                                        ;             ;
; db/cmpr_grb.tdf                                                        ; yes             ; Auto-Generated Megafunction                  ; C:/Users/Dell/Desktop/Eltemsah Digital IC Design Course/Assignments/System/UART_RTL/uart/db/cmpr_grb.tdf                                                        ;             ;
; db/cntr_uji.tdf                                                        ; yes             ; Auto-Generated Megafunction                  ; C:/Users/Dell/Desktop/Eltemsah Digital IC Design Course/Assignments/System/UART_RTL/uart/db/cntr_uji.tdf                                                        ;             ;
; db/cntr_3rh.tdf                                                        ; yes             ; Auto-Generated Megafunction                  ; C:/Users/Dell/Desktop/Eltemsah Digital IC Design Course/Assignments/System/UART_RTL/uart/db/cntr_3rh.tdf                                                        ;             ;
; db/cmpr_hrb.tdf                                                        ; yes             ; Auto-Generated Megafunction                  ; C:/Users/Dell/Desktop/Eltemsah Digital IC Design Course/Assignments/System/UART_RTL/uart/db/cmpr_hrb.tdf                                                        ;             ;
; db/cntr_odi.tdf                                                        ; yes             ; Auto-Generated Megafunction                  ; C:/Users/Dell/Desktop/Eltemsah Digital IC Design Course/Assignments/System/UART_RTL/uart/db/cntr_odi.tdf                                                        ;             ;
; db/cmpr_drb.tdf                                                        ; yes             ; Auto-Generated Megafunction                  ; C:/Users/Dell/Desktop/Eltemsah Digital IC Design Course/Assignments/System/UART_RTL/uart/db/cmpr_drb.tdf                                                        ;             ;
; sld_rom_sr.vhd                                                         ; yes             ; Encrypted Megafunction                       ; c:/intelfpga_lite/18.1/quartus/libraries/megafunctions/sld_rom_sr.vhd                                                                                           ;             ;
; sld_jtag_endpoint_adapter.vhd                                          ; yes             ; Encrypted Megafunction                       ; c:/intelfpga_lite/18.1/quartus/libraries/megafunctions/sld_jtag_endpoint_adapter.vhd                                                                            ;             ;
; sld_jtag_endpoint_adapter_impl.sv                                      ; yes             ; Encrypted Megafunction                       ; c:/intelfpga_lite/18.1/quartus/libraries/megafunctions/sld_jtag_endpoint_adapter_impl.sv                                                                        ;             ;
; sld_hub.vhd                                                            ; yes             ; Encrypted Megafunction                       ; c:/intelfpga_lite/18.1/quartus/libraries/megafunctions/sld_hub.vhd                                                                                              ; altera_sld  ;
; db/ip/sld40d69ee2/alt_sld_fab.v                                        ; yes             ; Encrypted Auto-Found Verilog HDL File        ; C:/Users/Dell/Desktop/Eltemsah Digital IC Design Course/Assignments/System/UART_RTL/uart/db/ip/sld40d69ee2/alt_sld_fab.v                                        ; alt_sld_fab ;
; db/ip/sld40d69ee2/submodules/alt_sld_fab_alt_sld_fab.v                 ; yes             ; Encrypted Auto-Found Verilog HDL File        ; C:/Users/Dell/Desktop/Eltemsah Digital IC Design Course/Assignments/System/UART_RTL/uart/db/ip/sld40d69ee2/submodules/alt_sld_fab_alt_sld_fab.v                 ; alt_sld_fab ;
; db/ip/sld40d69ee2/submodules/alt_sld_fab_alt_sld_fab_ident.sv          ; yes             ; Auto-Found SystemVerilog HDL File            ; C:/Users/Dell/Desktop/Eltemsah Digital IC Design Course/Assignments/System/UART_RTL/uart/db/ip/sld40d69ee2/submodules/alt_sld_fab_alt_sld_fab_ident.sv          ; alt_sld_fab ;
; db/ip/sld40d69ee2/submodules/alt_sld_fab_alt_sld_fab_presplit.sv       ; yes             ; Encrypted Auto-Found SystemVerilog HDL File  ; C:/Users/Dell/Desktop/Eltemsah Digital IC Design Course/Assignments/System/UART_RTL/uart/db/ip/sld40d69ee2/submodules/alt_sld_fab_alt_sld_fab_presplit.sv       ; alt_sld_fab ;
; db/ip/sld40d69ee2/submodules/alt_sld_fab_alt_sld_fab_sldfabric.vhd     ; yes             ; Encrypted Auto-Found VHDL File               ; C:/Users/Dell/Desktop/Eltemsah Digital IC Design Course/Assignments/System/UART_RTL/uart/db/ip/sld40d69ee2/submodules/alt_sld_fab_alt_sld_fab_sldfabric.vhd     ; alt_sld_fab ;
; db/ip/sld40d69ee2/submodules/alt_sld_fab_alt_sld_fab_splitter.sv       ; yes             ; Encrypted Auto-Found SystemVerilog HDL File  ; C:/Users/Dell/Desktop/Eltemsah Digital IC Design Course/Assignments/System/UART_RTL/uart/db/ip/sld40d69ee2/submodules/alt_sld_fab_alt_sld_fab_splitter.sv       ; alt_sld_fab ;
; sld_jtag_hub.vhd                                                       ; yes             ; Encrypted Megafunction                       ; c:/intelfpga_lite/18.1/quartus/libraries/megafunctions/sld_jtag_hub.vhd                                                                                         ;             ;
+------------------------------------------------------------------------+-----------------+----------------------------------------------+-----------------------------------------------------------------------------------------------------------------------------------------------------------------+-------------+


+------------------------------------------------------------------------+
; Analysis & Synthesis Resource Usage Summary                            ;
+---------------------------------------------+--------------------------+
; Resource                                    ; Usage                    ;
+---------------------------------------------+--------------------------+
; Estimated Total logic elements              ; 825                      ;
;                                             ;                          ;
; Total combinational functions               ; 549                      ;
; Logic element usage by number of LUT inputs ;                          ;
;     -- 4 input functions                    ; 205                      ;
;     -- 3 input functions                    ; 173                      ;
;     -- <=2 input functions                  ; 171                      ;
;                                             ;                          ;
; Logic elements by mode                      ;                          ;
;     -- normal mode                          ; 452                      ;
;     -- arithmetic mode                      ; 97                       ;
;                                             ;                          ;
; Total registers                             ; 606                      ;
;     -- Dedicated logic registers            ; 606                      ;
;     -- I/O registers                        ; 0                        ;
;                                             ;                          ;
; I/O pins                                    ; 7                        ;
; Total memory bits                           ; 13312                    ;
;                                             ;                          ;
; Embedded Multiplier 9-bit elements          ; 0                        ;
;                                             ;                          ;
; Total PLLs                                  ; 1                        ;
;     -- PLLs                                 ; 1                        ;
;                                             ;                          ;
; Maximum fan-out node                        ; altera_internal_jtag~TDO ;
; Maximum fan-out                             ; 356                      ;
; Total fan-out                               ; 4004                     ;
; Average fan-out                             ; 3.36                     ;
+---------------------------------------------+--------------------------+


+-----------------------------------------------------------------------------------------------------------------------------------------------------------------------------------------------------------------------------------------------------------------------------------------------------------------------------------------------------------------------------------------------------------------------------------------------------------------------------------------------------------------------------------------------------------------------------------------------------------------------------------------------------------------------------------------------------------------------------------+
; Analysis & Synthesis Resource Utilization by Entity                                                                                                                                                                                                                                                                                                                                                                                                                                                                                                                                                                                                                                                                               ;
+-----------------------------------------------------------------------------------------------------------------------------------------+---------------------+---------------------------+-------------+------------+--------------+---------+-----------+------+--------------+------------+-------------------------------------------------------------------------------------------------------------------------------------------------------------------------------------------------------------------------------------------------------------------------------------------------------------------------------------------------+-------------------------------------------------------------------+--------------+
; Compilation Hierarchy Node                                                                                                              ; Combinational ALUTs ; Dedicated Logic Registers ; Memory Bits ; UFM Blocks ; DSP Elements ; DSP 9x9 ; DSP 18x18 ; Pins ; Virtual Pins ; ADC blocks ; Full Hierarchy Name                                                                                                                                                                                                                                                                                                                             ; Entity Name                                                       ; Library Name ;
+-----------------------------------------------------------------------------------------------------------------------------------------+---------------------+---------------------------+-------------+------------+--------------+---------+-----------+------+--------------+------------+-------------------------------------------------------------------------------------------------------------------------------------------------------------------------------------------------------------------------------------------------------------------------------------------------------------------------------------------------+-------------------------------------------------------------------+--------------+
; |top                                                                                                                                    ; 549 (0)             ; 606 (0)                   ; 13312       ; 0          ; 0            ; 0       ; 0         ; 7    ; 0            ; 0          ; |top                                                                                                                                                                                                                                                                                                                                            ; top                                                               ; work         ;
;    |MY_PLL:U_PLL|                                                                                                                       ; 0 (0)               ; 0 (0)                     ; 0           ; 0          ; 0            ; 0       ; 0         ; 0    ; 0            ; 0          ; |top|MY_PLL:U_PLL                                                                                                                                                                                                                                                                                                                               ; MY_PLL                                                            ; work         ;
;       |altpll:altpll_component|                                                                                                         ; 0 (0)               ; 0 (0)                     ; 0           ; 0          ; 0            ; 0       ; 0         ; 0    ; 0            ; 0          ; |top|MY_PLL:U_PLL|altpll:altpll_component                                                                                                                                                                                                                                                                                                       ; altpll                                                            ; work         ;
;          |MY_PLL_altpll:auto_generated|                                                                                                 ; 0 (0)               ; 0 (0)                     ; 0           ; 0          ; 0            ; 0       ; 0         ; 0    ; 0            ; 0          ; |top|MY_PLL:U_PLL|altpll:altpll_component|MY_PLL_altpll:auto_generated                                                                                                                                                                                                                                                                          ; MY_PLL_altpll                                                     ; work         ;
;    |sld_hub:auto_hub|                                                                                                                   ; 129 (1)             ; 91 (0)                    ; 0           ; 0          ; 0            ; 0       ; 0         ; 0    ; 0            ; 0          ; |top|sld_hub:auto_hub                                                                                                                                                                                                                                                                                                                           ; sld_hub                                                           ; altera_sld   ;
;       |alt_sld_fab_with_jtag_input:\instrumentation_fabric_with_node_gen:fabric_gen_new_way:with_jtag_input_gen:instrumentation_fabric| ; 128 (0)             ; 91 (0)                    ; 0           ; 0          ; 0            ; 0       ; 0         ; 0    ; 0            ; 0          ; |top|sld_hub:auto_hub|alt_sld_fab_with_jtag_input:\instrumentation_fabric_with_node_gen:fabric_gen_new_way:with_jtag_input_gen:instrumentation_fabric                                                                                                                                                                                           ; alt_sld_fab_with_jtag_input                                       ; altera_sld   ;
;          |alt_sld_fab:instrumentation_fabric|                                                                                           ; 128 (0)             ; 91 (0)                    ; 0           ; 0          ; 0            ; 0       ; 0         ; 0    ; 0            ; 0          ; |top|sld_hub:auto_hub|alt_sld_fab_with_jtag_input:\instrumentation_fabric_with_node_gen:fabric_gen_new_way:with_jtag_input_gen:instrumentation_fabric|alt_sld_fab:instrumentation_fabric                                                                                                                                                        ; alt_sld_fab                                                       ; alt_sld_fab  ;
;             |alt_sld_fab_alt_sld_fab:alt_sld_fab|                                                                                       ; 128 (1)             ; 91 (5)                    ; 0           ; 0          ; 0            ; 0       ; 0         ; 0    ; 0            ; 0          ; |top|sld_hub:auto_hub|alt_sld_fab_with_jtag_input:\instrumentation_fabric_with_node_gen:fabric_gen_new_way:with_jtag_input_gen:instrumentation_fabric|alt_sld_fab:instrumentation_fabric|alt_sld_fab_alt_sld_fab:alt_sld_fab                                                                                                                    ; alt_sld_fab_alt_sld_fab                                           ; alt_sld_fab  ;
;                |alt_sld_fab_alt_sld_fab_sldfabric:sldfabric|                                                                            ; 127 (0)             ; 86 (0)                    ; 0           ; 0          ; 0            ; 0       ; 0         ; 0    ; 0            ; 0          ; |top|sld_hub:auto_hub|alt_sld_fab_with_jtag_input:\instrumentation_fabric_with_node_gen:fabric_gen_new_way:with_jtag_input_gen:instrumentation_fabric|alt_sld_fab:instrumentation_fabric|alt_sld_fab_alt_sld_fab:alt_sld_fab|alt_sld_fab_alt_sld_fab_sldfabric:sldfabric                                                                        ; alt_sld_fab_alt_sld_fab_sldfabric                                 ; alt_sld_fab  ;
;                   |sld_jtag_hub:\jtag_hub_gen:real_sld_jtag_hub|                                                                        ; 127 (88)            ; 86 (58)                   ; 0           ; 0          ; 0            ; 0       ; 0         ; 0    ; 0            ; 0          ; |top|sld_hub:auto_hub|alt_sld_fab_with_jtag_input:\instrumentation_fabric_with_node_gen:fabric_gen_new_way:with_jtag_input_gen:instrumentation_fabric|alt_sld_fab:instrumentation_fabric|alt_sld_fab_alt_sld_fab:alt_sld_fab|alt_sld_fab_alt_sld_fab_sldfabric:sldfabric|sld_jtag_hub:\jtag_hub_gen:real_sld_jtag_hub                           ; sld_jtag_hub                                                      ; work         ;
;                      |sld_rom_sr:hub_info_reg|                                                                                          ; 21 (21)             ; 9 (9)                     ; 0           ; 0          ; 0            ; 0       ; 0         ; 0    ; 0            ; 0          ; |top|sld_hub:auto_hub|alt_sld_fab_with_jtag_input:\instrumentation_fabric_with_node_gen:fabric_gen_new_way:with_jtag_input_gen:instrumentation_fabric|alt_sld_fab:instrumentation_fabric|alt_sld_fab_alt_sld_fab:alt_sld_fab|alt_sld_fab_alt_sld_fab_sldfabric:sldfabric|sld_jtag_hub:\jtag_hub_gen:real_sld_jtag_hub|sld_rom_sr:hub_info_reg   ; sld_rom_sr                                                        ; work         ;
;                      |sld_shadow_jsm:shadow_jsm|                                                                                        ; 18 (18)             ; 19 (19)                   ; 0           ; 0          ; 0            ; 0       ; 0         ; 0    ; 0            ; 0          ; |top|sld_hub:auto_hub|alt_sld_fab_with_jtag_input:\instrumentation_fabric_with_node_gen:fabric_gen_new_way:with_jtag_input_gen:instrumentation_fabric|alt_sld_fab:instrumentation_fabric|alt_sld_fab_alt_sld_fab:alt_sld_fab|alt_sld_fab_alt_sld_fab_sldfabric:sldfabric|sld_jtag_hub:\jtag_hub_gen:real_sld_jtag_hub|sld_shadow_jsm:shadow_jsm ; sld_shadow_jsm                                                    ; altera_sld   ;
;    |sld_signaltap:auto_signaltap_0|                                                                                                     ; 340 (2)             ; 441 (26)                  ; 13312       ; 0          ; 0            ; 0       ; 0         ; 0    ; 0            ; 0          ; |top|sld_signaltap:auto_signaltap_0                                                                                                                                                                                                                                                                                                             ; sld_signaltap                                                     ; work         ;
;       |sld_signaltap_impl:sld_signaltap_body|                                                                                           ; 338 (0)             ; 415 (0)                   ; 13312       ; 0          ; 0            ; 0       ; 0         ; 0    ; 0            ; 0          ; |top|sld_signaltap:auto_signaltap_0|sld_signaltap_impl:sld_signaltap_body                                                                                                                                                                                                                                                                       ; sld_signaltap_impl                                                ; work         ;
;          |sld_signaltap_implb:sld_signaltap_body|                                                                                       ; 338 (87)            ; 415 (132)                 ; 13312       ; 0          ; 0            ; 0       ; 0         ; 0    ; 0            ; 0          ; |top|sld_signaltap:auto_signaltap_0|sld_signaltap_impl:sld_signaltap_body|sld_signaltap_implb:sld_signaltap_body                                                                                                                                                                                                                                ; sld_signaltap_implb                                               ; work         ;
;             |altdpram:\stp_non_zero_ram_gen:attribute_mem_gen:attribute_mem|                                                            ; 23 (0)              ; 64 (64)                   ; 0           ; 0          ; 0            ; 0       ; 0         ; 0    ; 0            ; 0          ; |top|sld_signaltap:auto_signaltap_0|sld_signaltap_impl:sld_signaltap_body|sld_signaltap_implb:sld_signaltap_body|altdpram:\stp_non_zero_ram_gen:attribute_mem_gen:attribute_mem                                                                                                                                                                 ; altdpram                                                          ; work         ;
;                |lpm_decode:wdecoder|                                                                                                    ; 2 (0)               ; 0 (0)                     ; 0           ; 0          ; 0            ; 0       ; 0         ; 0    ; 0            ; 0          ; |top|sld_signaltap:auto_signaltap_0|sld_signaltap_impl:sld_signaltap_body|sld_signaltap_implb:sld_signaltap_body|altdpram:\stp_non_zero_ram_gen:attribute_mem_gen:attribute_mem|lpm_decode:wdecoder                                                                                                                                             ; lpm_decode                                                        ; work         ;
;                   |decode_3af:auto_generated|                                                                                           ; 2 (2)               ; 0 (0)                     ; 0           ; 0          ; 0            ; 0       ; 0         ; 0    ; 0            ; 0          ; |top|sld_signaltap:auto_signaltap_0|sld_signaltap_impl:sld_signaltap_body|sld_signaltap_implb:sld_signaltap_body|altdpram:\stp_non_zero_ram_gen:attribute_mem_gen:attribute_mem|lpm_decode:wdecoder|decode_3af:auto_generated                                                                                                                   ; decode_3af                                                        ; work         ;
;                |lpm_mux:mux|                                                                                                            ; 21 (0)              ; 0 (0)                     ; 0           ; 0          ; 0            ; 0       ; 0         ; 0    ; 0            ; 0          ; |top|sld_signaltap:auto_signaltap_0|sld_signaltap_impl:sld_signaltap_body|sld_signaltap_implb:sld_signaltap_body|altdpram:\stp_non_zero_ram_gen:attribute_mem_gen:attribute_mem|lpm_mux:mux                                                                                                                                                     ; lpm_mux                                                           ; work         ;
;                   |mux_f7c:auto_generated|                                                                                              ; 21 (21)             ; 0 (0)                     ; 0           ; 0          ; 0            ; 0       ; 0         ; 0    ; 0            ; 0          ; |top|sld_signaltap:auto_signaltap_0|sld_signaltap_impl:sld_signaltap_body|sld_signaltap_implb:sld_signaltap_body|altdpram:\stp_non_zero_ram_gen:attribute_mem_gen:attribute_mem|lpm_mux:mux|mux_f7c:auto_generated                                                                                                                              ; mux_f7c                                                           ; work         ;
;             |altsyncram:\stp_non_zero_ram_gen:stp_buffer_ram|                                                                           ; 0 (0)               ; 0 (0)                     ; 13312       ; 0          ; 0            ; 0       ; 0         ; 0    ; 0            ; 0          ; |top|sld_signaltap:auto_signaltap_0|sld_signaltap_impl:sld_signaltap_body|sld_signaltap_implb:sld_signaltap_body|altsyncram:\stp_non_zero_ram_gen:stp_buffer_ram                                                                                                                                                                                ; altsyncram                                                        ; work         ;
;                |altsyncram_0l14:auto_generated|                                                                                         ; 0 (0)               ; 0 (0)                     ; 13312       ; 0          ; 0            ; 0       ; 0         ; 0    ; 0            ; 0          ; |top|sld_signaltap:auto_signaltap_0|sld_signaltap_impl:sld_signaltap_body|sld_signaltap_implb:sld_signaltap_body|altsyncram:\stp_non_zero_ram_gen:stp_buffer_ram|altsyncram_0l14:auto_generated                                                                                                                                                 ; altsyncram_0l14                                                   ; work         ;
;             |lpm_shiftreg:segment_offset_config_deserialize|                                                                            ; 0 (0)               ; 10 (10)                   ; 0           ; 0          ; 0            ; 0       ; 0         ; 0    ; 0            ; 0          ; |top|sld_signaltap:auto_signaltap_0|sld_signaltap_impl:sld_signaltap_body|sld_signaltap_implb:sld_signaltap_body|lpm_shiftreg:segment_offset_config_deserialize                                                                                                                                                                                 ; lpm_shiftreg                                                      ; work         ;
;             |lpm_shiftreg:status_register|                                                                                              ; 7 (7)               ; 7 (7)                     ; 0           ; 0          ; 0            ; 0       ; 0         ; 0    ; 0            ; 0          ; |top|sld_signaltap:auto_signaltap_0|sld_signaltap_impl:sld_signaltap_body|sld_signaltap_implb:sld_signaltap_body|lpm_shiftreg:status_register                                                                                                                                                                                                   ; lpm_shiftreg                                                      ; work         ;
;             |serial_crc_16:\tdo_crc_gen:tdo_crc_calc|                                                                                   ; 14 (14)             ; 13 (13)                   ; 0           ; 0          ; 0            ; 0       ; 0         ; 0    ; 0            ; 0          ; |top|sld_signaltap:auto_signaltap_0|sld_signaltap_impl:sld_signaltap_body|sld_signaltap_implb:sld_signaltap_body|serial_crc_16:\tdo_crc_gen:tdo_crc_calc                                                                                                                                                                                        ; serial_crc_16                                                     ; work         ;
;             |sld_buffer_manager:sld_buffer_manager_inst|                                                                                ; 82 (82)             ; 59 (59)                   ; 0           ; 0          ; 0            ; 0       ; 0         ; 0    ; 0            ; 0          ; |top|sld_signaltap:auto_signaltap_0|sld_signaltap_impl:sld_signaltap_body|sld_signaltap_implb:sld_signaltap_body|sld_buffer_manager:sld_buffer_manager_inst                                                                                                                                                                                     ; sld_buffer_manager                                                ; work         ;
;             |sld_ela_control:ela_control|                                                                                               ; 4 (1)               ; 47 (1)                    ; 0           ; 0          ; 0            ; 0       ; 0         ; 0    ; 0            ; 0          ; |top|sld_signaltap:auto_signaltap_0|sld_signaltap_impl:sld_signaltap_body|sld_signaltap_implb:sld_signaltap_body|sld_ela_control:ela_control                                                                                                                                                                                                    ; sld_ela_control                                                   ; work         ;
;                |lpm_shiftreg:trigger_config_deserialize|                                                                                ; 0 (0)               ; 4 (4)                     ; 0           ; 0          ; 0            ; 0       ; 0         ; 0    ; 0            ; 0          ; |top|sld_signaltap:auto_signaltap_0|sld_signaltap_impl:sld_signaltap_body|sld_signaltap_implb:sld_signaltap_body|sld_ela_control:ela_control|lpm_shiftreg:trigger_config_deserialize                                                                                                                                                            ; lpm_shiftreg                                                      ; work         ;
;                |sld_ela_basic_multi_level_trigger:\basic_multi_level_mbpm_trigger_gen:multi_level_mbpm|                                 ; 0 (0)               ; 39 (0)                    ; 0           ; 0          ; 0            ; 0       ; 0         ; 0    ; 0            ; 0          ; |top|sld_signaltap:auto_signaltap_0|sld_signaltap_impl:sld_signaltap_body|sld_signaltap_implb:sld_signaltap_body|sld_ela_control:ela_control|sld_ela_basic_multi_level_trigger:\basic_multi_level_mbpm_trigger_gen:multi_level_mbpm                                                                                                             ; sld_ela_basic_multi_level_trigger                                 ; work         ;
;                   |lpm_shiftreg:trigger_condition_deserialize|                                                                          ; 0 (0)               ; 39 (39)                   ; 0           ; 0          ; 0            ; 0       ; 0         ; 0    ; 0            ; 0          ; |top|sld_signaltap:auto_signaltap_0|sld_signaltap_impl:sld_signaltap_body|sld_signaltap_implb:sld_signaltap_body|sld_ela_control:ela_control|sld_ela_basic_multi_level_trigger:\basic_multi_level_mbpm_trigger_gen:multi_level_mbpm|lpm_shiftreg:trigger_condition_deserialize                                                                  ; lpm_shiftreg                                                      ; work         ;
;                |sld_ela_trigger_flow_sel:\generated:ela_trigger_flow_mgr_entity|                                                        ; 3 (0)               ; 3 (0)                     ; 0           ; 0          ; 0            ; 0       ; 0         ; 0    ; 0            ; 0          ; |top|sld_signaltap:auto_signaltap_0|sld_signaltap_impl:sld_signaltap_body|sld_signaltap_implb:sld_signaltap_body|sld_ela_control:ela_control|sld_ela_trigger_flow_sel:\generated:ela_trigger_flow_mgr_entity                                                                                                                                    ; sld_ela_trigger_flow_sel                                          ; work         ;
;                   |sld_ela_trigger_flow_sel_f451:auto_generated|                                                                        ; 3 (0)               ; 3 (0)                     ; 0           ; 0          ; 0            ; 0       ; 0         ; 0    ; 0            ; 0          ; |top|sld_signaltap:auto_signaltap_0|sld_signaltap_impl:sld_signaltap_body|sld_signaltap_implb:sld_signaltap_body|sld_ela_control:ela_control|sld_ela_trigger_flow_sel:\generated:ela_trigger_flow_mgr_entity|sld_ela_trigger_flow_sel_f451:auto_generated                                                                                       ; sld_ela_trigger_flow_sel_f451                                     ; work         ;
;                      |sld_reserved_uart_loopback_wrapper_auto_signaltap_0_flow_mgr_c90c:mgl_prim1|                                      ; 3 (3)               ; 3 (3)                     ; 0           ; 0          ; 0            ; 0       ; 0         ; 0    ; 0            ; 0          ; |top|sld_signaltap:auto_signaltap_0|sld_signaltap_impl:sld_signaltap_body|sld_signaltap_implb:sld_signaltap_body|sld_ela_control:ela_control|sld_ela_trigger_flow_sel:\generated:ela_trigger_flow_mgr_entity|sld_ela_trigger_flow_sel_f451:auto_generated|sld_reserved_uart_loopback_wrapper_auto_signaltap_0_flow_mgr_c90c:mgl_prim1           ; sld_reserved_uart_loopback_wrapper_auto_signaltap_0_flow_mgr_c90c ; work         ;
;             |sld_offload_buffer_mgr:\stp_non_zero_depth_offload_gen:stp_offload_buff_mgr_inst|                                          ; 91 (10)             ; 75 (0)                    ; 0           ; 0          ; 0            ; 0       ; 0         ; 0    ; 0            ; 0          ; |top|sld_signaltap:auto_signaltap_0|sld_signaltap_impl:sld_signaltap_body|sld_signaltap_implb:sld_signaltap_body|sld_offload_buffer_mgr:\stp_non_zero_depth_offload_gen:stp_offload_buff_mgr_inst                                                                                                                                               ; sld_offload_buffer_mgr                                            ; work         ;
;                |lpm_counter:\adv_point_3_and_more:advance_pointer_counter|                                                              ; 6 (0)               ; 4 (0)                     ; 0           ; 0          ; 0            ; 0       ; 0         ; 0    ; 0            ; 0          ; |top|sld_signaltap:auto_signaltap_0|sld_signaltap_impl:sld_signaltap_body|sld_signaltap_implb:sld_signaltap_body|sld_offload_buffer_mgr:\stp_non_zero_depth_offload_gen:stp_offload_buff_mgr_inst|lpm_counter:\adv_point_3_and_more:advance_pointer_counter                                                                                     ; lpm_counter                                                       ; work         ;
;                   |cntr_2rh:auto_generated|                                                                                             ; 6 (6)               ; 4 (4)                     ; 0           ; 0          ; 0            ; 0       ; 0         ; 0    ; 0            ; 0          ; |top|sld_signaltap:auto_signaltap_0|sld_signaltap_impl:sld_signaltap_body|sld_signaltap_implb:sld_signaltap_body|sld_offload_buffer_mgr:\stp_non_zero_depth_offload_gen:stp_offload_buff_mgr_inst|lpm_counter:\adv_point_3_and_more:advance_pointer_counter|cntr_2rh:auto_generated                                                             ; cntr_2rh                                                          ; work         ;
;                |lpm_counter:read_pointer_counter|                                                                                       ; 10 (0)              ; 10 (0)                    ; 0           ; 0          ; 0            ; 0       ; 0         ; 0    ; 0            ; 0          ; |top|sld_signaltap:auto_signaltap_0|sld_signaltap_impl:sld_signaltap_body|sld_signaltap_implb:sld_signaltap_body|sld_offload_buffer_mgr:\stp_non_zero_depth_offload_gen:stp_offload_buff_mgr_inst|lpm_counter:read_pointer_counter                                                                                                              ; lpm_counter                                                       ; work         ;
;                   |cntr_uji:auto_generated|                                                                                             ; 10 (10)             ; 10 (10)                   ; 0           ; 0          ; 0            ; 0       ; 0         ; 0    ; 0            ; 0          ; |top|sld_signaltap:auto_signaltap_0|sld_signaltap_impl:sld_signaltap_body|sld_signaltap_implb:sld_signaltap_body|sld_offload_buffer_mgr:\stp_non_zero_depth_offload_gen:stp_offload_buff_mgr_inst|lpm_counter:read_pointer_counter|cntr_uji:auto_generated                                                                                      ; cntr_uji                                                          ; work         ;
;                |lpm_counter:status_advance_pointer_counter|                                                                             ; 7 (0)               ; 5 (0)                     ; 0           ; 0          ; 0            ; 0       ; 0         ; 0    ; 0            ; 0          ; |top|sld_signaltap:auto_signaltap_0|sld_signaltap_impl:sld_signaltap_body|sld_signaltap_implb:sld_signaltap_body|sld_offload_buffer_mgr:\stp_non_zero_depth_offload_gen:stp_offload_buff_mgr_inst|lpm_counter:status_advance_pointer_counter                                                                                                    ; lpm_counter                                                       ; work         ;
;                   |cntr_3rh:auto_generated|                                                                                             ; 7 (7)               ; 5 (5)                     ; 0           ; 0          ; 0            ; 0       ; 0         ; 0    ; 0            ; 0          ; |top|sld_signaltap:auto_signaltap_0|sld_signaltap_impl:sld_signaltap_body|sld_signaltap_implb:sld_signaltap_body|sld_offload_buffer_mgr:\stp_non_zero_depth_offload_gen:stp_offload_buff_mgr_inst|lpm_counter:status_advance_pointer_counter|cntr_3rh:auto_generated                                                                            ; cntr_3rh                                                          ; work         ;
;                |lpm_counter:status_read_pointer_counter|                                                                                ; 3 (0)               ; 1 (0)                     ; 0           ; 0          ; 0            ; 0       ; 0         ; 0    ; 0            ; 0          ; |top|sld_signaltap:auto_signaltap_0|sld_signaltap_impl:sld_signaltap_body|sld_signaltap_implb:sld_signaltap_body|sld_offload_buffer_mgr:\stp_non_zero_depth_offload_gen:stp_offload_buff_mgr_inst|lpm_counter:status_read_pointer_counter                                                                                                       ; lpm_counter                                                       ; work         ;
;                   |cntr_odi:auto_generated|                                                                                             ; 3 (3)               ; 1 (1)                     ; 0           ; 0          ; 0            ; 0       ; 0         ; 0    ; 0            ; 0          ; |top|sld_signaltap:auto_signaltap_0|sld_signaltap_impl:sld_signaltap_body|sld_signaltap_implb:sld_signaltap_body|sld_offload_buffer_mgr:\stp_non_zero_depth_offload_gen:stp_offload_buff_mgr_inst|lpm_counter:status_read_pointer_counter|cntr_odi:auto_generated                                                                               ; cntr_odi                                                          ; work         ;
;                |lpm_shiftreg:info_data_shift_out|                                                                                       ; 21 (21)             ; 21 (21)                   ; 0           ; 0          ; 0            ; 0       ; 0         ; 0    ; 0            ; 0          ; |top|sld_signaltap:auto_signaltap_0|sld_signaltap_impl:sld_signaltap_body|sld_signaltap_implb:sld_signaltap_body|sld_offload_buffer_mgr:\stp_non_zero_depth_offload_gen:stp_offload_buff_mgr_inst|lpm_shiftreg:info_data_shift_out                                                                                                              ; lpm_shiftreg                                                      ; work         ;
;                |lpm_shiftreg:ram_data_shift_out|                                                                                        ; 13 (13)             ; 13 (13)                   ; 0           ; 0          ; 0            ; 0       ; 0         ; 0    ; 0            ; 0          ; |top|sld_signaltap:auto_signaltap_0|sld_signaltap_impl:sld_signaltap_body|sld_signaltap_implb:sld_signaltap_body|sld_offload_buffer_mgr:\stp_non_zero_depth_offload_gen:stp_offload_buff_mgr_inst|lpm_shiftreg:ram_data_shift_out                                                                                                               ; lpm_shiftreg                                                      ; work         ;
;                |lpm_shiftreg:status_data_shift_out|                                                                                     ; 21 (21)             ; 21 (21)                   ; 0           ; 0          ; 0            ; 0       ; 0         ; 0    ; 0            ; 0          ; |top|sld_signaltap:auto_signaltap_0|sld_signaltap_impl:sld_signaltap_body|sld_signaltap_implb:sld_signaltap_body|sld_offload_buffer_mgr:\stp_non_zero_depth_offload_gen:stp_offload_buff_mgr_inst|lpm_shiftreg:status_data_shift_out                                                                                                            ; lpm_shiftreg                                                      ; work         ;
;             |sld_rom_sr:crc_rom_sr|                                                                                                     ; 30 (30)             ; 8 (8)                     ; 0           ; 0          ; 0            ; 0       ; 0         ; 0    ; 0            ; 0          ; |top|sld_signaltap:auto_signaltap_0|sld_signaltap_impl:sld_signaltap_body|sld_signaltap_implb:sld_signaltap_body|sld_rom_sr:crc_rom_sr                                                                                                                                                                                                          ; sld_rom_sr                                                        ; work         ;
;    |uart_loopback_wrapper:U_LOOPBACK|                                                                                                   ; 80 (0)              ; 74 (0)                    ; 0           ; 0          ; 0            ; 0       ; 0         ; 0    ; 0            ; 0          ; |top|uart_loopback_wrapper:U_LOOPBACK                                                                                                                                                                                                                                                                                                           ; uart_loopback_wrapper                                             ; work         ;
;       |ClkDiv:U0_ClkDiv_TX|                                                                                                             ; 11 (11)             ; 8 (8)                     ; 0           ; 0          ; 0            ; 0       ; 0         ; 0    ; 0            ; 0          ; |top|uart_loopback_wrapper:U_LOOPBACK|ClkDiv:U0_ClkDiv_TX                                                                                                                                                                                                                                                                                       ; ClkDiv                                                            ; work         ;
;       |REQ_ACK_SYNC:U0_REQ_ACK_SYNC|                                                                                                    ; 3 (3)               ; 19 (19)                   ; 0           ; 0          ; 0            ; 0       ; 0         ; 0    ; 0            ; 0          ; |top|uart_loopback_wrapper:U_LOOPBACK|REQ_ACK_SYNC:U0_REQ_ACK_SYNC                                                                                                                                                                                                                                                                              ; REQ_ACK_SYNC                                                      ; work         ;
;       |RST_SYNC:U0_RST_SYNC|                                                                                                            ; 0 (0)               ; 2 (2)                     ; 0           ; 0          ; 0            ; 0       ; 0         ; 0    ; 0            ; 0          ; |top|uart_loopback_wrapper:U_LOOPBACK|RST_SYNC:U0_RST_SYNC                                                                                                                                                                                                                                                                                      ; RST_SYNC                                                          ; work         ;
;       |RST_SYNC:U2_RST_SYNC|                                                                                                            ; 0 (0)               ; 2 (2)                     ; 0           ; 0          ; 0            ; 0       ; 0         ; 0    ; 0            ; 0          ; |top|uart_loopback_wrapper:U_LOOPBACK|RST_SYNC:U2_RST_SYNC                                                                                                                                                                                                                                                                                      ; RST_SYNC                                                          ; work         ;
;       |UART:U_UART|                                                                                                                     ; 66 (0)              ; 43 (0)                    ; 0           ; 0          ; 0            ; 0       ; 0         ; 0    ; 0            ; 0          ; |top|uart_loopback_wrapper:U_LOOPBACK|UART:U_UART                                                                                                                                                                                                                                                                                               ; UART                                                              ; work         ;
;          |UART_RX:U0_UART_RX|                                                                                                           ; 45 (0)              ; 27 (0)                    ; 0           ; 0          ; 0            ; 0       ; 0         ; 0    ; 0            ; 0          ; |top|uart_loopback_wrapper:U_LOOPBACK|UART:U_UART|UART_RX:U0_UART_RX                                                                                                                                                                                                                                                                            ; UART_RX                                                           ; work         ;
;             |data_sampling:data_sampling_inst|                                                                                          ; 8 (8)               ; 3 (3)                     ; 0           ; 0          ; 0            ; 0       ; 0         ; 0    ; 0            ; 0          ; |top|uart_loopback_wrapper:U_LOOPBACK|UART:U_UART|UART_RX:U0_UART_RX|data_sampling:data_sampling_inst                                                                                                                                                                                                                                           ; data_sampling                                                     ; work         ;
;             |deserializer:deserializer_inst|                                                                                            ; 0 (0)               ; 8 (8)                     ; 0           ; 0          ; 0            ; 0       ; 0         ; 0    ; 0            ; 0          ; |top|uart_loopback_wrapper:U_LOOPBACK|UART:U_UART|UART_RX:U0_UART_RX|deserializer:deserializer_inst                                                                                                                                                                                                                                             ; deserializer                                                      ; work         ;
;             |edge_bit_counter:edge_bit_counter_inst|                                                                                    ; 14 (14)             ; 10 (10)                   ; 0           ; 0          ; 0            ; 0       ; 0         ; 0    ; 0            ; 0          ; |top|uart_loopback_wrapper:U_LOOPBACK|UART:U_UART|UART_RX:U0_UART_RX|edge_bit_counter:edge_bit_counter_inst                                                                                                                                                                                                                                     ; edge_bit_counter                                                  ; work         ;
;             |stop_check:stop_check_inst|                                                                                                ; 1 (1)               ; 0 (0)                     ; 0           ; 0          ; 0            ; 0       ; 0         ; 0    ; 0            ; 0          ; |top|uart_loopback_wrapper:U_LOOPBACK|UART:U_UART|UART_RX:U0_UART_RX|stop_check:stop_check_inst                                                                                                                                                                                                                                                 ; stop_check                                                        ; work         ;
;             |uart_rx_fsm:uart_rx_fsm_inst|                                                                                              ; 22 (22)             ; 6 (6)                     ; 0           ; 0          ; 0            ; 0       ; 0         ; 0    ; 0            ; 0          ; |top|uart_loopback_wrapper:U_LOOPBACK|UART:U_UART|UART_RX:U0_UART_RX|uart_rx_fsm:uart_rx_fsm_inst                                                                                                                                                                                                                                               ; uart_rx_fsm                                                       ; work         ;
;          |UART_TX:U0_UART_TX|                                                                                                           ; 21 (0)              ; 16 (0)                    ; 0           ; 0          ; 0            ; 0       ; 0         ; 0    ; 0            ; 0          ; |top|uart_loopback_wrapper:U_LOOPBACK|UART:U_UART|UART_TX:U0_UART_TX                                                                                                                                                                                                                                                                            ; UART_TX                                                           ; work         ;
;             |FSM:fsm_inst|                                                                                                              ; 5 (5)               ; 4 (4)                     ; 0           ; 0          ; 0            ; 0       ; 0         ; 0    ; 0            ; 0          ; |top|uart_loopback_wrapper:U_LOOPBACK|UART:U_UART|UART_TX:U0_UART_TX|FSM:fsm_inst                                                                                                                                                                                                                                                               ; FSM                                                               ; work         ;
;             |TX_MUX:tx_mux_inst|                                                                                                        ; 1 (1)               ; 0 (0)                     ; 0           ; 0          ; 0            ; 0       ; 0         ; 0    ; 0            ; 0          ; |top|uart_loopback_wrapper:U_LOOPBACK|UART:U_UART|UART_TX:U0_UART_TX|TX_MUX:tx_mux_inst                                                                                                                                                                                                                                                         ; TX_MUX                                                            ; work         ;
;             |serializer:serializer_inst|                                                                                                ; 15 (15)             ; 12 (12)                   ; 0           ; 0          ; 0            ; 0       ; 0         ; 0    ; 0            ; 0          ; |top|uart_loopback_wrapper:U_LOOPBACK|UART:U_UART|UART_TX:U0_UART_TX|serializer:serializer_inst                                                                                                                                                                                                                                                 ; serializer                                                        ; work         ;
+-----------------------------------------------------------------------------------------------------------------------------------------+---------------------+---------------------------+-------------+------------+--------------+---------+-----------+------+--------------+------------+-------------------------------------------------------------------------------------------------------------------------------------------------------------------------------------------------------------------------------------------------------------------------------------------------------------------------------------------------+-------------------------------------------------------------------+--------------+
Note: For table entries with two numbers listed, the numbers in parentheses indicate the number of resources of the given type used by the specific entity alone. The numbers listed outside of parentheses indicate the total resources of the given type used by the specific entity and all of its sub-entities in the hierarchy.


+------------------------------------------------------------------------------------------------------------------------------------------------------------------------------------------------------------------------------------------------------------------------------------------------------------+
; Analysis & Synthesis RAM Summary                                                                                                                                                                                                                                                                           ;
+-------------------------------------------------------------------------------------------------------------------------------------------------------------------------------------------------------+------+------------------+--------------+--------------+--------------+--------------+-------+------+
; Name                                                                                                                                                                                                  ; Type ; Mode             ; Port A Depth ; Port A Width ; Port B Depth ; Port B Width ; Size  ; MIF  ;
+-------------------------------------------------------------------------------------------------------------------------------------------------------------------------------------------------------+------+------------------+--------------+--------------+--------------+--------------+-------+------+
; sld_signaltap:auto_signaltap_0|sld_signaltap_impl:sld_signaltap_body|sld_signaltap_implb:sld_signaltap_body|altsyncram:\stp_non_zero_ram_gen:stp_buffer_ram|altsyncram_0l14:auto_generated|ALTSYNCRAM ; AUTO ; Simple Dual Port ; 1024         ; 13           ; 1024         ; 13           ; 13312 ; None ;
+-------------------------------------------------------------------------------------------------------------------------------------------------------------------------------------------------------+------+------------------+--------------+--------------+--------------+--------------+-------+------+


+-------------------------------------------------------------------------------------------------------------------------------------------------------------------------------------------------------------------------------------------------------------------------------------------------------------------------------------------------------------------------------------------------------------------------+
; Analysis & Synthesis IP Cores Summary                                                                                                                                                                                                                                                                                                                                                                                   ;
+--------+--------------+---------+--------------+--------------+---------------------------------------------------------------------------------------------------------------------------------------------------------------------------------------------------------------------------------------------------------------------------------------------------------------------------------------+-----------------+
; Vendor ; IP Core Name ; Version ; Release Date ; License Type ; Entity Instance                                                                                                                                                                                                                                                                                                                       ; IP Include File ;
+--------+--------------+---------+--------------+--------------+---------------------------------------------------------------------------------------------------------------------------------------------------------------------------------------------------------------------------------------------------------------------------------------------------------------------------------------+-----------------+
; Altera ; ALTPLL       ; 18.1    ; N/A          ; N/A          ; |top|MY_PLL:U_PLL                                                                                                                                                                                                                                                                                                                     ; MY_PLL.v        ;
; Altera ; Signal Tap   ; N/A     ; N/A          ; Licensed     ; |top|sld_hub:auto_hub|alt_sld_fab_with_jtag_input:\instrumentation_fabric_with_node_gen:fabric_gen_new_way:with_jtag_input_gen:instrumentation_fabric|alt_sld_fab:instrumentation_fabric                                                                                                                                              ;                 ;
; Altera ; Signal Tap   ; N/A     ; N/A          ; Licensed     ; |top|sld_hub:auto_hub|alt_sld_fab_with_jtag_input:\instrumentation_fabric_with_node_gen:fabric_gen_new_way:with_jtag_input_gen:instrumentation_fabric|alt_sld_fab:instrumentation_fabric|alt_sld_fab_alt_sld_fab:alt_sld_fab                                                                                                          ;                 ;
; Altera ; Signal Tap   ; N/A     ; N/A          ; Licensed     ; |top|sld_hub:auto_hub|alt_sld_fab_with_jtag_input:\instrumentation_fabric_with_node_gen:fabric_gen_new_way:with_jtag_input_gen:instrumentation_fabric|alt_sld_fab:instrumentation_fabric|alt_sld_fab_alt_sld_fab:alt_sld_fab|alt_sld_fab_alt_sld_fab_presplit:presplit                                                                ;                 ;
; Altera ; Signal Tap   ; N/A     ; N/A          ; Licensed     ; |top|sld_hub:auto_hub|alt_sld_fab_with_jtag_input:\instrumentation_fabric_with_node_gen:fabric_gen_new_way:with_jtag_input_gen:instrumentation_fabric|alt_sld_fab:instrumentation_fabric|alt_sld_fab_alt_sld_fab:alt_sld_fab|alt_sld_fab_alt_sld_fab_sldfabric:sldfabric                                                              ;                 ;
; Altera ; Signal Tap   ; N/A     ; N/A          ; Licensed     ; |top|sld_hub:auto_hub|alt_sld_fab_with_jtag_input:\instrumentation_fabric_with_node_gen:fabric_gen_new_way:with_jtag_input_gen:instrumentation_fabric|alt_sld_fab:instrumentation_fabric|alt_sld_fab_alt_sld_fab:alt_sld_fab|alt_sld_fab_alt_sld_fab_splitter:splitter                                                                ;                 ;
; Altera ; Signal Tap   ; N/A     ; N/A          ; Licensed     ; |top|sld_signaltap:auto_signaltap_0|sld_signaltap_impl:sld_signaltap_body|sld_signaltap_implb:sld_signaltap_body|sld_ela_control:ela_control|sld_ela_trigger_flow_sel:\generated:ela_trigger_flow_mgr_entity|sld_ela_trigger_flow_sel_f451:auto_generated|sld_reserved_uart_loopback_wrapper_auto_signaltap_0_flow_mgr_c90c:mgl_prim1 ;                 ;
+--------+--------------+---------+--------------+--------------+---------------------------------------------------------------------------------------------------------------------------------------------------------------------------------------------------------------------------------------------------------------------------------------------------------------------------------------+-----------------+


Encoding Type:  One-Hot
+--------------------------------------------------------------------------------------------------------------------------------------------------------+
; State Machine - |top|uart_loopback_wrapper:U_LOOPBACK|UART:U_UART|UART_RX:U0_UART_RX|uart_rx_fsm:uart_rx_fsm_inst|current_state                        ;
+----------------------+---------------------+--------------------+----------------------+--------------------+---------------------+--------------------+
; Name                 ; current_state.VALID ; current_state.STOP ; current_state.PARITY ; current_state.DATA ; current_state.START ; current_state.IDLE ;
+----------------------+---------------------+--------------------+----------------------+--------------------+---------------------+--------------------+
; current_state.IDLE   ; 0                   ; 0                  ; 0                    ; 0                  ; 0                   ; 0                  ;
; current_state.START  ; 0                   ; 0                  ; 0                    ; 0                  ; 1                   ; 1                  ;
; current_state.DATA   ; 0                   ; 0                  ; 0                    ; 1                  ; 0                   ; 1                  ;
; current_state.PARITY ; 0                   ; 0                  ; 1                    ; 0                  ; 0                   ; 1                  ;
; current_state.STOP   ; 0                   ; 1                  ; 0                    ; 0                  ; 0                   ; 1                  ;
; current_state.VALID  ; 1                   ; 0                  ; 0                    ; 0                  ; 0                   ; 1                  ;
+----------------------+---------------------+--------------------+----------------------+--------------------+---------------------+--------------------+


Encoding Type:  One-Hot
+----------------------------------------------------------------------------------------------------------------------------------+
; State Machine - |top|uart_loopback_wrapper:U_LOOPBACK|UART:U_UART|UART_TX:U0_UART_TX|FSM:fsm_inst|current_state                  ;
+----------------------+----------------------+--------------------+---------------------+--------------------+--------------------+
; Name                 ; current_state.PARITY ; current_state.DATA ; current_state.START ; current_state.IDLE ; current_state.STOP ;
+----------------------+----------------------+--------------------+---------------------+--------------------+--------------------+
; current_state.IDLE   ; 0                    ; 0                  ; 0                   ; 0                  ; 0                  ;
; current_state.START  ; 0                    ; 0                  ; 1                   ; 1                  ; 0                  ;
; current_state.DATA   ; 0                    ; 1                  ; 0                   ; 1                  ; 0                  ;
; current_state.PARITY ; 1                    ; 0                  ; 0                   ; 1                  ; 0                  ;
; current_state.STOP   ; 0                    ; 0                  ; 0                   ; 1                  ; 1                  ;
+----------------------+----------------------+--------------------+---------------------+--------------------+--------------------+


+-----------------------------------------------------------------------------------------------------------------------------------------------------------------+
; Registers Removed During Synthesis                                                                                                                              ;
+-------------------------------------------------------------------------------------------------------------------+---------------------------------------------+
; Register name                                                                                                     ; Reason for Removal                          ;
+-------------------------------------------------------------------------------------------------------------------+---------------------------------------------+
; uart_loopback_wrapper:U_LOOPBACK|UART:U_UART|UART_TX:U0_UART_TX|Parity_Calc:parity_calc_inst|par_bit              ; Stuck at GND due to stuck port clock_enable ;
; uart_loopback_wrapper:U_LOOPBACK|ClkDiv:U0_ClkDiv_TX|odd_edge_tog                                                 ; Lost fanout                                 ;
; uart_loopback_wrapper:U_LOOPBACK|UART:U_UART|UART_RX:U0_UART_RX|uart_rx_fsm:uart_rx_fsm_inst|current_state~4      ; Lost fanout                                 ;
; uart_loopback_wrapper:U_LOOPBACK|UART:U_UART|UART_RX:U0_UART_RX|uart_rx_fsm:uart_rx_fsm_inst|current_state~5      ; Lost fanout                                 ;
; uart_loopback_wrapper:U_LOOPBACK|UART:U_UART|UART_RX:U0_UART_RX|uart_rx_fsm:uart_rx_fsm_inst|current_state~6      ; Lost fanout                                 ;
; uart_loopback_wrapper:U_LOOPBACK|UART:U_UART|UART_TX:U0_UART_TX|FSM:fsm_inst|current_state~4                      ; Lost fanout                                 ;
; uart_loopback_wrapper:U_LOOPBACK|UART:U_UART|UART_TX:U0_UART_TX|FSM:fsm_inst|current_state~5                      ; Lost fanout                                 ;
; uart_loopback_wrapper:U_LOOPBACK|UART:U_UART|UART_TX:U0_UART_TX|FSM:fsm_inst|current_state.PARITY                 ; Stuck at GND due to stuck port data_in      ;
; uart_loopback_wrapper:U_LOOPBACK|UART:U_UART|UART_RX:U0_UART_RX|uart_rx_fsm:uart_rx_fsm_inst|current_state.PARITY ; Stuck at GND due to stuck port data_in      ;
; uart_loopback_wrapper:U_LOOPBACK|UART:U_UART|UART_RX:U0_UART_RX|uart_rx_fsm:uart_rx_fsm_inst|par_err_latched      ; Stuck at GND due to stuck port data_in      ;
; Total Number of Removed Registers = 10                                                                            ;                                             ;
+-------------------------------------------------------------------------------------------------------------------+---------------------------------------------+


+--------------------------------------------------------------------------------------------------------------------------------------------------------------------------------------------------------------------------------------------------------------+
; Removed Registers Triggering Further Register Optimizations                                                                                                                                                                                                  ;
+-------------------------------------------------------------------------------------------------------------------+---------------------------+--------------------------------------------------------------------------------------------------------------+
; Register name                                                                                                     ; Reason for Removal        ; Registers Removed due to This Register                                                                       ;
+-------------------------------------------------------------------------------------------------------------------+---------------------------+--------------------------------------------------------------------------------------------------------------+
; uart_loopback_wrapper:U_LOOPBACK|UART:U_UART|UART_RX:U0_UART_RX|uart_rx_fsm:uart_rx_fsm_inst|current_state.PARITY ; Stuck at GND              ; uart_loopback_wrapper:U_LOOPBACK|UART:U_UART|UART_RX:U0_UART_RX|uart_rx_fsm:uart_rx_fsm_inst|par_err_latched ;
;                                                                                                                   ; due to stuck port data_in ;                                                                                                              ;
+-------------------------------------------------------------------------------------------------------------------+---------------------------+--------------------------------------------------------------------------------------------------------------+


+------------------------------------------------------+
; General Register Statistics                          ;
+----------------------------------------------+-------+
; Statistic                                    ; Value ;
+----------------------------------------------+-------+
; Total registers                              ; 606   ;
; Number of registers using Synchronous Clear  ; 55    ;
; Number of registers using Synchronous Load   ; 67    ;
; Number of registers using Asynchronous Clear ; 274   ;
; Number of registers using Asynchronous Load  ; 0     ;
; Number of registers using Clock Enable       ; 360   ;
; Number of registers using Preset             ; 0     ;
+----------------------------------------------+-------+


+-------------------------------------------------------------------------------------------------------------------------------------------------------------------------------------------------------------------------------------------------------------------------------------------------------------------------------------------+
; Inverted Register Statistics                                                                                                                                                                                                                                                                                                              ;
+---------------------------------------------------------------------------------------------------------------------------------------------------------------------------------------------------------------------------------------------------------------------------------------------------------------------------------+---------+
; Inverted Register                                                                                                                                                                                                                                                                                                               ; Fan out ;
+---------------------------------------------------------------------------------------------------------------------------------------------------------------------------------------------------------------------------------------------------------------------------------------------------------------------------------+---------+
; sld_hub:auto_hub|alt_sld_fab_with_jtag_input:\instrumentation_fabric_with_node_gen:fabric_gen_new_way:with_jtag_input_gen:instrumentation_fabric|alt_sld_fab:instrumentation_fabric|alt_sld_fab_alt_sld_fab:alt_sld_fab|alt_sld_fab_alt_sld_fab_sldfabric:sldfabric|sld_jtag_hub:\jtag_hub_gen:real_sld_jtag_hub|jtag_ir_reg[2] ; 2       ;
; sld_hub:auto_hub|alt_sld_fab_with_jtag_input:\instrumentation_fabric_with_node_gen:fabric_gen_new_way:with_jtag_input_gen:instrumentation_fabric|alt_sld_fab:instrumentation_fabric|alt_sld_fab_alt_sld_fab:alt_sld_fab|alt_sld_fab_alt_sld_fab_sldfabric:sldfabric|sld_jtag_hub:\jtag_hub_gen:real_sld_jtag_hub|jtag_ir_reg[1] ; 3       ;
; sld_signaltap:auto_signaltap_0|sld_signaltap_impl:sld_signaltap_body|sld_signaltap_implb:sld_signaltap_body|sld_buffer_manager:sld_buffer_manager_inst|modified_post_count[1]                                                                                                                                                   ; 1       ;
; sld_signaltap:auto_signaltap_0|sld_signaltap_impl:sld_signaltap_body|sld_signaltap_implb:sld_signaltap_body|sld_buffer_manager:sld_buffer_manager_inst|modified_post_count[2]                                                                                                                                                   ; 1       ;
; sld_signaltap:auto_signaltap_0|sld_signaltap_impl:sld_signaltap_body|sld_signaltap_implb:sld_signaltap_body|sld_buffer_manager:sld_buffer_manager_inst|modified_post_count[3]                                                                                                                                                   ; 1       ;
; sld_signaltap:auto_signaltap_0|sld_signaltap_impl:sld_signaltap_body|sld_signaltap_implb:sld_signaltap_body|sld_buffer_manager:sld_buffer_manager_inst|modified_post_count[4]                                                                                                                                                   ; 1       ;
; sld_signaltap:auto_signaltap_0|sld_signaltap_impl:sld_signaltap_body|sld_signaltap_implb:sld_signaltap_body|sld_buffer_manager:sld_buffer_manager_inst|modified_post_count[5]                                                                                                                                                   ; 1       ;
; sld_signaltap:auto_signaltap_0|sld_signaltap_impl:sld_signaltap_body|sld_signaltap_implb:sld_signaltap_body|sld_buffer_manager:sld_buffer_manager_inst|modified_post_count[6]                                                                                                                                                   ; 1       ;
; sld_signaltap:auto_signaltap_0|sld_signaltap_impl:sld_signaltap_body|sld_signaltap_implb:sld_signaltap_body|sld_buffer_manager:sld_buffer_manager_inst|modified_post_count[7]                                                                                                                                                   ; 1       ;
; sld_signaltap:auto_signaltap_0|sld_signaltap_impl:sld_signaltap_body|sld_signaltap_implb:sld_signaltap_body|sld_buffer_manager:sld_buffer_manager_inst|modified_post_count[8]                                                                                                                                                   ; 1       ;
; sld_signaltap:auto_signaltap_0|sld_signaltap_impl:sld_signaltap_body|sld_signaltap_implb:sld_signaltap_body|sld_buffer_manager:sld_buffer_manager_inst|modified_post_count[9]                                                                                                                                                   ; 1       ;
; sld_signaltap:auto_signaltap_0|sld_signaltap_impl:sld_signaltap_body|sld_signaltap_implb:sld_signaltap_body|sld_buffer_manager:sld_buffer_manager_inst|modified_post_count[10]                                                                                                                                                  ; 2       ;
; sld_signaltap:auto_signaltap_0|sld_signaltap_impl:sld_signaltap_body|sld_signaltap_implb:sld_signaltap_body|sld_buffer_manager:sld_buffer_manager_inst|modified_post_count[0]                                                                                                                                                   ; 1       ;
; Total number of inverted registers = 13                                                                                                                                                                                                                                                                                         ;         ;
+---------------------------------------------------------------------------------------------------------------------------------------------------------------------------------------------------------------------------------------------------------------------------------------------------------------------------------+---------+


+---------------------------------------------------------------------------------------------------------------------------------------------------------------------------------------------------------------------------------------+
; Multiplexer Restructuring Statistics (Restructuring Performed)                                                                                                                                                                        ;
+--------------------+-----------+---------------+----------------------+------------------------+------------+-------------------------------------------------------------------------------------------------------------------------+
; Multiplexer Inputs ; Bus Width ; Baseline Area ; Area if Restructured ; Saving if Restructured ; Registered ; Example Multiplexer Output                                                                                              ;
+--------------------+-----------+---------------+----------------------+------------------------+------------+-------------------------------------------------------------------------------------------------------------------------+
; 3:1                ; 3 bits    ; 6 LEs         ; 3 LEs                ; 3 LEs                  ; Yes        ; |top|uart_loopback_wrapper:U_LOOPBACK|UART:U_UART|UART_TX:U0_UART_TX|serializer:serializer_inst|bit_cnt[0]              ;
; 3:1                ; 7 bits    ; 14 LEs        ; 7 LEs                ; 7 LEs                  ; Yes        ; |top|uart_loopback_wrapper:U_LOOPBACK|UART:U_UART|UART_TX:U0_UART_TX|serializer:serializer_inst|data_reg[1]             ;
; 3:1                ; 6 bits    ; 12 LEs        ; 6 LEs                ; 6 LEs                  ; Yes        ; |top|uart_loopback_wrapper:U_LOOPBACK|UART:U_UART|UART_RX:U0_UART_RX|edge_bit_counter:edge_bit_counter_inst|edge_cnt[5] ;
; 4:1                ; 4 bits    ; 8 LEs         ; 4 LEs                ; 4 LEs                  ; Yes        ; |top|uart_loopback_wrapper:U_LOOPBACK|UART:U_UART|UART_RX:U0_UART_RX|edge_bit_counter:edge_bit_counter_inst|bit_cnt[1]  ;
; 12:1               ; 6 bits    ; 48 LEs        ; 24 LEs               ; 24 LEs                 ; No         ; |top|uart_loopback_wrapper:U_LOOPBACK|UART:U_UART|UART_RX:U0_UART_RX|uart_rx_fsm:uart_rx_fsm_inst|Selector5             ;
+--------------------+-----------+---------------+----------------------+------------------------+------------+-------------------------------------------------------------------------------------------------------------------------+


+-------------------------------------------------------+
; Source assignments for sld_signaltap:auto_signaltap_0 ;
+-----------------+-------+------+----------------------+
; Assignment      ; Value ; From ; To                   ;
+-----------------+-------+------+----------------------+
; MESSAGE_DISABLE ; 13410 ; -    ; -                    ;
+-----------------+-------+------+----------------------+


+-----------------------------------------------------------------------------------+
; Parameter Settings for User Entity Instance: MY_PLL:U_PLL|altpll:altpll_component ;
+-------------------------------+--------------------------+------------------------+
; Parameter Name                ; Value                    ; Type                   ;
+-------------------------------+--------------------------+------------------------+
; OPERATION_MODE                ; NORMAL                   ; Untyped                ;
; PLL_TYPE                      ; AUTO                     ; Untyped                ;
; LPM_HINT                      ; CBX_MODULE_PREFIX=MY_PLL ; Untyped                ;
; QUALIFY_CONF_DONE             ; OFF                      ; Untyped                ;
; COMPENSATE_CLOCK              ; CLK0                     ; Untyped                ;
; SCAN_CHAIN                    ; LONG                     ; Untyped                ;
; PRIMARY_CLOCK                 ; INCLK0                   ; Untyped                ;
; INCLK0_INPUT_FREQUENCY        ; 20000                    ; Signed Integer         ;
; INCLK1_INPUT_FREQUENCY        ; 0                        ; Untyped                ;
; GATE_LOCK_SIGNAL              ; NO                       ; Untyped                ;
; GATE_LOCK_COUNTER             ; 0                        ; Untyped                ;
; LOCK_HIGH                     ; 1                        ; Untyped                ;
; LOCK_LOW                      ; 1                        ; Untyped                ;
; VALID_LOCK_MULTIPLIER         ; 1                        ; Untyped                ;
; INVALID_LOCK_MULTIPLIER       ; 5                        ; Untyped                ;
; SWITCH_OVER_ON_LOSSCLK        ; OFF                      ; Untyped                ;
; SWITCH_OVER_ON_GATED_LOCK     ; OFF                      ; Untyped                ;
; ENABLE_SWITCH_OVER_COUNTER    ; OFF                      ; Untyped                ;
; SKIP_VCO                      ; OFF                      ; Untyped                ;
; SWITCH_OVER_COUNTER           ; 0                        ; Untyped                ;
; SWITCH_OVER_TYPE              ; AUTO                     ; Untyped                ;
; FEEDBACK_SOURCE               ; EXTCLK0                  ; Untyped                ;
; BANDWIDTH                     ; 0                        ; Untyped                ;
; BANDWIDTH_TYPE                ; AUTO                     ; Untyped                ;
; SPREAD_FREQUENCY              ; 0                        ; Untyped                ;
; DOWN_SPREAD                   ; 0                        ; Untyped                ;
; SELF_RESET_ON_GATED_LOSS_LOCK ; OFF                      ; Untyped                ;
; SELF_RESET_ON_LOSS_LOCK       ; OFF                      ; Untyped                ;
; CLK9_MULTIPLY_BY              ; 0                        ; Untyped                ;
; CLK8_MULTIPLY_BY              ; 0                        ; Untyped                ;
; CLK7_MULTIPLY_BY              ; 0                        ; Untyped                ;
; CLK6_MULTIPLY_BY              ; 0                        ; Untyped                ;
; CLK5_MULTIPLY_BY              ; 1                        ; Untyped                ;
; CLK4_MULTIPLY_BY              ; 1                        ; Untyped                ;
; CLK3_MULTIPLY_BY              ; 1                        ; Untyped                ;
; CLK2_MULTIPLY_BY              ; 1                        ; Untyped                ;
; CLK1_MULTIPLY_BY              ; 2                        ; Signed Integer         ;
; CLK0_MULTIPLY_BY              ; 1843                     ; Signed Integer         ;
; CLK9_DIVIDE_BY                ; 0                        ; Untyped                ;
; CLK8_DIVIDE_BY                ; 0                        ; Untyped                ;
; CLK7_DIVIDE_BY                ; 0                        ; Untyped                ;
; CLK6_DIVIDE_BY                ; 0                        ; Untyped                ;
; CLK5_DIVIDE_BY                ; 1                        ; Untyped                ;
; CLK4_DIVIDE_BY                ; 1                        ; Untyped                ;
; CLK3_DIVIDE_BY                ; 1                        ; Untyped                ;
; CLK2_DIVIDE_BY                ; 1                        ; Untyped                ;
; CLK1_DIVIDE_BY                ; 1                        ; Signed Integer         ;
; CLK0_DIVIDE_BY                ; 25000                    ; Signed Integer         ;
; CLK9_PHASE_SHIFT              ; 0                        ; Untyped                ;
; CLK8_PHASE_SHIFT              ; 0                        ; Untyped                ;
; CLK7_PHASE_SHIFT              ; 0                        ; Untyped                ;
; CLK6_PHASE_SHIFT              ; 0                        ; Untyped                ;
; CLK5_PHASE_SHIFT              ; 0                        ; Untyped                ;
; CLK4_PHASE_SHIFT              ; 0                        ; Untyped                ;
; CLK3_PHASE_SHIFT              ; 0                        ; Untyped                ;
; CLK2_PHASE_SHIFT              ; 0                        ; Untyped                ;
; CLK1_PHASE_SHIFT              ; 0                        ; Untyped                ;
; CLK0_PHASE_SHIFT              ; 0                        ; Untyped                ;
; CLK5_TIME_DELAY               ; 0                        ; Untyped                ;
; CLK4_TIME_DELAY               ; 0                        ; Untyped                ;
; CLK3_TIME_DELAY               ; 0                        ; Untyped                ;
; CLK2_TIME_DELAY               ; 0                        ; Untyped                ;
; CLK1_TIME_DELAY               ; 0                        ; Untyped                ;
; CLK0_TIME_DELAY               ; 0                        ; Untyped                ;
; CLK9_DUTY_CYCLE               ; 50                       ; Untyped                ;
; CLK8_DUTY_CYCLE               ; 50                       ; Untyped                ;
; CLK7_DUTY_CYCLE               ; 50                       ; Untyped                ;
; CLK6_DUTY_CYCLE               ; 50                       ; Untyped                ;
; CLK5_DUTY_CYCLE               ; 50                       ; Untyped                ;
; CLK4_DUTY_CYCLE               ; 50                       ; Untyped                ;
; CLK3_DUTY_CYCLE               ; 50                       ; Untyped                ;
; CLK2_DUTY_CYCLE               ; 50                       ; Untyped                ;
; CLK1_DUTY_CYCLE               ; 50                       ; Signed Integer         ;
; CLK0_DUTY_CYCLE               ; 50                       ; Signed Integer         ;
; CLK9_USE_EVEN_COUNTER_MODE    ; OFF                      ; Untyped                ;
; CLK8_USE_EVEN_COUNTER_MODE    ; OFF                      ; Untyped                ;
; CLK7_USE_EVEN_COUNTER_MODE    ; OFF                      ; Untyped                ;
; CLK6_USE_EVEN_COUNTER_MODE    ; OFF                      ; Untyped                ;
; CLK5_USE_EVEN_COUNTER_MODE    ; OFF                      ; Untyped                ;
; CLK4_USE_EVEN_COUNTER_MODE    ; OFF                      ; Untyped                ;
; CLK3_USE_EVEN_COUNTER_MODE    ; OFF                      ; Untyped                ;
; CLK2_USE_EVEN_COUNTER_MODE    ; OFF                      ; Untyped                ;
; CLK1_USE_EVEN_COUNTER_MODE    ; OFF                      ; Untyped                ;
; CLK0_USE_EVEN_COUNTER_MODE    ; OFF                      ; Untyped                ;
; CLK9_USE_EVEN_COUNTER_VALUE   ; OFF                      ; Untyped                ;
; CLK8_USE_EVEN_COUNTER_VALUE   ; OFF                      ; Untyped                ;
; CLK7_USE_EVEN_COUNTER_VALUE   ; OFF                      ; Untyped                ;
; CLK6_USE_EVEN_COUNTER_VALUE   ; OFF                      ; Untyped                ;
; CLK5_USE_EVEN_COUNTER_VALUE   ; OFF                      ; Untyped                ;
; CLK4_USE_EVEN_COUNTER_VALUE   ; OFF                      ; Untyped                ;
; CLK3_USE_EVEN_COUNTER_VALUE   ; OFF                      ; Untyped                ;
; CLK2_USE_EVEN_COUNTER_VALUE   ; OFF                      ; Untyped                ;
; CLK1_USE_EVEN_COUNTER_VALUE   ; OFF                      ; Untyped                ;
; CLK0_USE_EVEN_COUNTER_VALUE   ; OFF                      ; Untyped                ;
; LOCK_WINDOW_UI                ;  0.05                    ; Untyped                ;
; LOCK_WINDOW_UI_BITS           ; UNUSED                   ; Untyped                ;
; VCO_RANGE_DETECTOR_LOW_BITS   ; UNUSED                   ; Untyped                ;
; VCO_RANGE_DETECTOR_HIGH_BITS  ; UNUSED                   ; Untyped                ;
; DPA_MULTIPLY_BY               ; 0                        ; Untyped                ;
; DPA_DIVIDE_BY                 ; 1                        ; Untyped                ;
; DPA_DIVIDER                   ; 0                        ; Untyped                ;
; EXTCLK3_MULTIPLY_BY           ; 1                        ; Untyped                ;
; EXTCLK2_MULTIPLY_BY           ; 1                        ; Untyped                ;
; EXTCLK1_MULTIPLY_BY           ; 1                        ; Untyped                ;
; EXTCLK0_MULTIPLY_BY           ; 1                        ; Untyped                ;
; EXTCLK3_DIVIDE_BY             ; 1                        ; Untyped                ;
; EXTCLK2_DIVIDE_BY             ; 1                        ; Untyped                ;
; EXTCLK1_DIVIDE_BY             ; 1                        ; Untyped                ;
; EXTCLK0_DIVIDE_BY             ; 1                        ; Untyped                ;
; EXTCLK3_PHASE_SHIFT           ; 0                        ; Untyped                ;
; EXTCLK2_PHASE_SHIFT           ; 0                        ; Untyped                ;
; EXTCLK1_PHASE_SHIFT           ; 0                        ; Untyped                ;
; EXTCLK0_PHASE_SHIFT           ; 0                        ; Untyped                ;
; EXTCLK3_TIME_DELAY            ; 0                        ; Untyped                ;
; EXTCLK2_TIME_DELAY            ; 0                        ; Untyped                ;
; EXTCLK1_TIME_DELAY            ; 0                        ; Untyped                ;
; EXTCLK0_TIME_DELAY            ; 0                        ; Untyped                ;
; EXTCLK3_DUTY_CYCLE            ; 50                       ; Untyped                ;
; EXTCLK2_DUTY_CYCLE            ; 50                       ; Untyped                ;
; EXTCLK1_DUTY_CYCLE            ; 50                       ; Untyped                ;
; EXTCLK0_DUTY_CYCLE            ; 50                       ; Untyped                ;
; VCO_MULTIPLY_BY               ; 0                        ; Untyped                ;
; VCO_DIVIDE_BY                 ; 0                        ; Untyped                ;
; SCLKOUT0_PHASE_SHIFT          ; 0                        ; Untyped                ;
; SCLKOUT1_PHASE_SHIFT          ; 0                        ; Untyped                ;
; VCO_MIN                       ; 0                        ; Untyped                ;
; VCO_MAX                       ; 0                        ; Untyped                ;
; VCO_CENTER                    ; 0                        ; Untyped                ;
; PFD_MIN                       ; 0                        ; Untyped                ;
; PFD_MAX                       ; 0                        ; Untyped                ;
; M_INITIAL                     ; 0                        ; Untyped                ;
; M                             ; 0                        ; Untyped                ;
; N                             ; 1                        ; Untyped                ;
; M2                            ; 1                        ; Untyped                ;
; N2                            ; 1                        ; Untyped                ;
; SS                            ; 1                        ; Untyped                ;
; C0_HIGH                       ; 0                        ; Untyped                ;
; C1_HIGH                       ; 0                        ; Untyped                ;
; C2_HIGH                       ; 0                        ; Untyped                ;
; C3_HIGH                       ; 0                        ; Untyped                ;
; C4_HIGH                       ; 0                        ; Untyped                ;
; C5_HIGH                       ; 0                        ; Untyped                ;
; C6_HIGH                       ; 0                        ; Untyped                ;
; C7_HIGH                       ; 0                        ; Untyped                ;
; C8_HIGH                       ; 0                        ; Untyped                ;
; C9_HIGH                       ; 0                        ; Untyped                ;
; C0_LOW                        ; 0                        ; Untyped                ;
; C1_LOW                        ; 0                        ; Untyped                ;
; C2_LOW                        ; 0                        ; Untyped                ;
; C3_LOW                        ; 0                        ; Untyped                ;
; C4_LOW                        ; 0                        ; Untyped                ;
; C5_LOW                        ; 0                        ; Untyped                ;
; C6_LOW                        ; 0                        ; Untyped                ;
; C7_LOW                        ; 0                        ; Untyped                ;
; C8_LOW                        ; 0                        ; Untyped                ;
; C9_LOW                        ; 0                        ; Untyped                ;
; C0_INITIAL                    ; 0                        ; Untyped                ;
; C1_INITIAL                    ; 0                        ; Untyped                ;
; C2_INITIAL                    ; 0                        ; Untyped                ;
; C3_INITIAL                    ; 0                        ; Untyped                ;
; C4_INITIAL                    ; 0                        ; Untyped                ;
; C5_INITIAL                    ; 0                        ; Untyped                ;
; C6_INITIAL                    ; 0                        ; Untyped                ;
; C7_INITIAL                    ; 0                        ; Untyped                ;
; C8_INITIAL                    ; 0                        ; Untyped                ;
; C9_INITIAL                    ; 0                        ; Untyped                ;
; C0_MODE                       ; BYPASS                   ; Untyped                ;
; C1_MODE                       ; BYPASS                   ; Untyped                ;
; C2_MODE                       ; BYPASS                   ; Untyped                ;
; C3_MODE                       ; BYPASS                   ; Untyped                ;
; C4_MODE                       ; BYPASS                   ; Untyped                ;
; C5_MODE                       ; BYPASS                   ; Untyped                ;
; C6_MODE                       ; BYPASS                   ; Untyped                ;
; C7_MODE                       ; BYPASS                   ; Untyped                ;
; C8_MODE                       ; BYPASS                   ; Untyped                ;
; C9_MODE                       ; BYPASS                   ; Untyped                ;
; C0_PH                         ; 0                        ; Untyped                ;
; C1_PH                         ; 0                        ; Untyped                ;
; C2_PH                         ; 0                        ; Untyped                ;
; C3_PH                         ; 0                        ; Untyped                ;
; C4_PH                         ; 0                        ; Untyped                ;
; C5_PH                         ; 0                        ; Untyped                ;
; C6_PH                         ; 0                        ; Untyped                ;
; C7_PH                         ; 0                        ; Untyped                ;
; C8_PH                         ; 0                        ; Untyped                ;
; C9_PH                         ; 0                        ; Untyped                ;
; L0_HIGH                       ; 1                        ; Untyped                ;
; L1_HIGH                       ; 1                        ; Untyped                ;
; G0_HIGH                       ; 1                        ; Untyped                ;
; G1_HIGH                       ; 1                        ; Untyped                ;
; G2_HIGH                       ; 1                        ; Untyped                ;
; G3_HIGH                       ; 1                        ; Untyped                ;
; E0_HIGH                       ; 1                        ; Untyped                ;
; E1_HIGH                       ; 1                        ; Untyped                ;
; E2_HIGH                       ; 1                        ; Untyped                ;
; E3_HIGH                       ; 1                        ; Untyped                ;
; L0_LOW                        ; 1                        ; Untyped                ;
; L1_LOW                        ; 1                        ; Untyped                ;
; G0_LOW                        ; 1                        ; Untyped                ;
; G1_LOW                        ; 1                        ; Untyped                ;
; G2_LOW                        ; 1                        ; Untyped                ;
; G3_LOW                        ; 1                        ; Untyped                ;
; E0_LOW                        ; 1                        ; Untyped                ;
; E1_LOW                        ; 1                        ; Untyped                ;
; E2_LOW                        ; 1                        ; Untyped                ;
; E3_LOW                        ; 1                        ; Untyped                ;
; L0_INITIAL                    ; 1                        ; Untyped                ;
; L1_INITIAL                    ; 1                        ; Untyped                ;
; G0_INITIAL                    ; 1                        ; Untyped                ;
; G1_INITIAL                    ; 1                        ; Untyped                ;
; G2_INITIAL                    ; 1                        ; Untyped                ;
; G3_INITIAL                    ; 1                        ; Untyped                ;
; E0_INITIAL                    ; 1                        ; Untyped                ;
; E1_INITIAL                    ; 1                        ; Untyped                ;
; E2_INITIAL                    ; 1                        ; Untyped                ;
; E3_INITIAL                    ; 1                        ; Untyped                ;
; L0_MODE                       ; BYPASS                   ; Untyped                ;
; L1_MODE                       ; BYPASS                   ; Untyped                ;
; G0_MODE                       ; BYPASS                   ; Untyped                ;
; G1_MODE                       ; BYPASS                   ; Untyped                ;
; G2_MODE                       ; BYPASS                   ; Untyped                ;
; G3_MODE                       ; BYPASS                   ; Untyped                ;
; E0_MODE                       ; BYPASS                   ; Untyped                ;
; E1_MODE                       ; BYPASS                   ; Untyped                ;
; E2_MODE                       ; BYPASS                   ; Untyped                ;
; E3_MODE                       ; BYPASS                   ; Untyped                ;
; L0_PH                         ; 0                        ; Untyped                ;
; L1_PH                         ; 0                        ; Untyped                ;
; G0_PH                         ; 0                        ; Untyped                ;
; G1_PH                         ; 0                        ; Untyped                ;
; G2_PH                         ; 0                        ; Untyped                ;
; G3_PH                         ; 0                        ; Untyped                ;
; E0_PH                         ; 0                        ; Untyped                ;
; E1_PH                         ; 0                        ; Untyped                ;
; E2_PH                         ; 0                        ; Untyped                ;
; E3_PH                         ; 0                        ; Untyped                ;
; M_PH                          ; 0                        ; Untyped                ;
; C1_USE_CASC_IN                ; OFF                      ; Untyped                ;
; C2_USE_CASC_IN                ; OFF                      ; Untyped                ;
; C3_USE_CASC_IN                ; OFF                      ; Untyped                ;
; C4_USE_CASC_IN                ; OFF                      ; Untyped                ;
; C5_USE_CASC_IN                ; OFF                      ; Untyped                ;
; C6_USE_CASC_IN                ; OFF                      ; Untyped                ;
; C7_USE_CASC_IN                ; OFF                      ; Untyped                ;
; C8_USE_CASC_IN                ; OFF                      ; Untyped                ;
; C9_USE_CASC_IN                ; OFF                      ; Untyped                ;
; CLK0_COUNTER                  ; G0                       ; Untyped                ;
; CLK1_COUNTER                  ; G0                       ; Untyped                ;
; CLK2_COUNTER                  ; G0                       ; Untyped                ;
; CLK3_COUNTER                  ; G0                       ; Untyped                ;
; CLK4_COUNTER                  ; G0                       ; Untyped                ;
; CLK5_COUNTER                  ; G0                       ; Untyped                ;
; CLK6_COUNTER                  ; E0                       ; Untyped                ;
; CLK7_COUNTER                  ; E1                       ; Untyped                ;
; CLK8_COUNTER                  ; E2                       ; Untyped                ;
; CLK9_COUNTER                  ; E3                       ; Untyped                ;
; L0_TIME_DELAY                 ; 0                        ; Untyped                ;
; L1_TIME_DELAY                 ; 0                        ; Untyped                ;
; G0_TIME_DELAY                 ; 0                        ; Untyped                ;
; G1_TIME_DELAY                 ; 0                        ; Untyped                ;
; G2_TIME_DELAY                 ; 0                        ; Untyped                ;
; G3_TIME_DELAY                 ; 0                        ; Untyped                ;
; E0_TIME_DELAY                 ; 0                        ; Untyped                ;
; E1_TIME_DELAY                 ; 0                        ; Untyped                ;
; E2_TIME_DELAY                 ; 0                        ; Untyped                ;
; E3_TIME_DELAY                 ; 0                        ; Untyped                ;
; M_TIME_DELAY                  ; 0                        ; Untyped                ;
; N_TIME_DELAY                  ; 0                        ; Untyped                ;
; EXTCLK3_COUNTER               ; E3                       ; Untyped                ;
; EXTCLK2_COUNTER               ; E2                       ; Untyped                ;
; EXTCLK1_COUNTER               ; E1                       ; Untyped                ;
; EXTCLK0_COUNTER               ; E0                       ; Untyped                ;
; ENABLE0_COUNTER               ; L0                       ; Untyped                ;
; ENABLE1_COUNTER               ; L0                       ; Untyped                ;
; CHARGE_PUMP_CURRENT           ; 2                        ; Untyped                ;
; LOOP_FILTER_R                 ;  1.000000                ; Untyped                ;
; LOOP_FILTER_C                 ; 5                        ; Untyped                ;
; CHARGE_PUMP_CURRENT_BITS      ; 9999                     ; Untyped                ;
; LOOP_FILTER_R_BITS            ; 9999                     ; Untyped                ;
; LOOP_FILTER_C_BITS            ; 9999                     ; Untyped                ;
; VCO_POST_SCALE                ; 0                        ; Untyped                ;
; CLK2_OUTPUT_FREQUENCY         ; 0                        ; Untyped                ;
; CLK1_OUTPUT_FREQUENCY         ; 0                        ; Untyped                ;
; CLK0_OUTPUT_FREQUENCY         ; 0                        ; Untyped                ;
; INTENDED_DEVICE_FAMILY        ; MAX 10                   ; Untyped                ;
; PORT_CLKENA0                  ; PORT_UNUSED              ; Untyped                ;
; PORT_CLKENA1                  ; PORT_UNUSED              ; Untyped                ;
; PORT_CLKENA2                  ; PORT_UNUSED              ; Untyped                ;
; PORT_CLKENA3                  ; PORT_UNUSED              ; Untyped                ;
; PORT_CLKENA4                  ; PORT_UNUSED              ; Untyped                ;
; PORT_CLKENA5                  ; PORT_UNUSED              ; Untyped                ;
; PORT_EXTCLKENA0               ; PORT_CONNECTIVITY        ; Untyped                ;
; PORT_EXTCLKENA1               ; PORT_CONNECTIVITY        ; Untyped                ;
; PORT_EXTCLKENA2               ; PORT_CONNECTIVITY        ; Untyped                ;
; PORT_EXTCLKENA3               ; PORT_CONNECTIVITY        ; Untyped                ;
; PORT_EXTCLK0                  ; PORT_UNUSED              ; Untyped                ;
; PORT_EXTCLK1                  ; PORT_UNUSED              ; Untyped                ;
; PORT_EXTCLK2                  ; PORT_UNUSED              ; Untyped                ;
; PORT_EXTCLK3                  ; PORT_UNUSED              ; Untyped                ;
; PORT_CLKBAD0                  ; PORT_UNUSED              ; Untyped                ;
; PORT_CLKBAD1                  ; PORT_UNUSED              ; Untyped                ;
; PORT_CLK0                     ; PORT_USED                ; Untyped                ;
; PORT_CLK1                     ; PORT_USED                ; Untyped                ;
; PORT_CLK2                     ; PORT_UNUSED              ; Untyped                ;
; PORT_CLK3                     ; PORT_UNUSED              ; Untyped                ;
; PORT_CLK4                     ; PORT_UNUSED              ; Untyped                ;
; PORT_CLK5                     ; PORT_UNUSED              ; Untyped                ;
; PORT_CLK6                     ; PORT_UNUSED              ; Untyped                ;
; PORT_CLK7                     ; PORT_UNUSED              ; Untyped                ;
; PORT_CLK8                     ; PORT_UNUSED              ; Untyped                ;
; PORT_CLK9                     ; PORT_UNUSED              ; Untyped                ;
; PORT_SCANDATA                 ; PORT_UNUSED              ; Untyped                ;
; PORT_SCANDATAOUT              ; PORT_UNUSED              ; Untyped                ;
; PORT_SCANDONE                 ; PORT_UNUSED              ; Untyped                ;
; PORT_SCLKOUT1                 ; PORT_CONNECTIVITY        ; Untyped                ;
; PORT_SCLKOUT0                 ; PORT_CONNECTIVITY        ; Untyped                ;
; PORT_ACTIVECLOCK              ; PORT_UNUSED              ; Untyped                ;
; PORT_CLKLOSS                  ; PORT_UNUSED              ; Untyped                ;
; PORT_INCLK1                   ; PORT_UNUSED              ; Untyped                ;
; PORT_INCLK0                   ; PORT_USED                ; Untyped                ;
; PORT_FBIN                     ; PORT_UNUSED              ; Untyped                ;
; PORT_PLLENA                   ; PORT_UNUSED              ; Untyped                ;
; PORT_CLKSWITCH                ; PORT_UNUSED              ; Untyped                ;
; PORT_ARESET                   ; PORT_UNUSED              ; Untyped                ;
; PORT_PFDENA                   ; PORT_UNUSED              ; Untyped                ;
; PORT_SCANCLK                  ; PORT_UNUSED              ; Untyped                ;
; PORT_SCANACLR                 ; PORT_UNUSED              ; Untyped                ;
; PORT_SCANREAD                 ; PORT_UNUSED              ; Untyped                ;
; PORT_SCANWRITE                ; PORT_UNUSED              ; Untyped                ;
; PORT_ENABLE0                  ; PORT_CONNECTIVITY        ; Untyped                ;
; PORT_ENABLE1                  ; PORT_CONNECTIVITY        ; Untyped                ;
; PORT_LOCKED                   ; PORT_UNUSED              ; Untyped                ;
; PORT_CONFIGUPDATE             ; PORT_UNUSED              ; Untyped                ;
; PORT_FBOUT                    ; PORT_CONNECTIVITY        ; Untyped                ;
; PORT_PHASEDONE                ; PORT_UNUSED              ; Untyped                ;
; PORT_PHASESTEP                ; PORT_UNUSED              ; Untyped                ;
; PORT_PHASEUPDOWN              ; PORT_UNUSED              ; Untyped                ;
; PORT_SCANCLKENA               ; PORT_UNUSED              ; Untyped                ;
; PORT_PHASECOUNTERSELECT       ; PORT_UNUSED              ; Untyped                ;
; PORT_VCOOVERRANGE             ; PORT_CONNECTIVITY        ; Untyped                ;
; PORT_VCOUNDERRANGE            ; PORT_CONNECTIVITY        ; Untyped                ;
; M_TEST_SOURCE                 ; 5                        ; Untyped                ;
; C0_TEST_SOURCE                ; 5                        ; Untyped                ;
; C1_TEST_SOURCE                ; 5                        ; Untyped                ;
; C2_TEST_SOURCE                ; 5                        ; Untyped                ;
; C3_TEST_SOURCE                ; 5                        ; Untyped                ;
; C4_TEST_SOURCE                ; 5                        ; Untyped                ;
; C5_TEST_SOURCE                ; 5                        ; Untyped                ;
; C6_TEST_SOURCE                ; 5                        ; Untyped                ;
; C7_TEST_SOURCE                ; 5                        ; Untyped                ;
; C8_TEST_SOURCE                ; 5                        ; Untyped                ;
; C9_TEST_SOURCE                ; 5                        ; Untyped                ;
; CBXI_PARAMETER                ; MY_PLL_altpll            ; Untyped                ;
; VCO_FREQUENCY_CONTROL         ; AUTO                     ; Untyped                ;
; VCO_PHASE_SHIFT_STEP          ; 0                        ; Untyped                ;
; WIDTH_CLOCK                   ; 5                        ; Signed Integer         ;
; WIDTH_PHASECOUNTERSELECT      ; 4                        ; Untyped                ;
; USING_FBMIMICBIDIR_PORT       ; OFF                      ; Untyped                ;
; DEVICE_FAMILY                 ; MAX 10                   ; Untyped                ;
; SCAN_CHAIN_MIF_FILE           ; UNUSED                   ; Untyped                ;
; SIM_GATE_LOCK_DEVICE_BEHAVIOR ; OFF                      ; Untyped                ;
; AUTO_CARRY_CHAINS             ; ON                       ; AUTO_CARRY             ;
; IGNORE_CARRY_BUFFERS          ; OFF                      ; IGNORE_CARRY           ;
; AUTO_CASCADE_CHAINS           ; ON                       ; AUTO_CASCADE           ;
; IGNORE_CASCADE_BUFFERS        ; OFF                      ; IGNORE_CASCADE         ;
+-------------------------------+--------------------------+------------------------+
Note: In order to hide this table in the UI and the text report file, please set the "Show Parameter Settings in Synthesis Report" option in "Analysis and Synthesis Settings -> More Settings" to "Off".


+----------------------------------------------------------------------------------------------------+
; Parameter Settings for User Entity Instance: uart_loopback_wrapper:U_LOOPBACK|RST_SYNC:U0_RST_SYNC ;
+----------------+-------+---------------------------------------------------------------------------+
; Parameter Name ; Value ; Type                                                                      ;
+----------------+-------+---------------------------------------------------------------------------+
; NUM_STAGES     ; 2     ; Signed Integer                                                            ;
+----------------+-------+---------------------------------------------------------------------------+
Note: In order to hide this table in the UI and the text report file, please set the "Show Parameter Settings in Synthesis Report" option in "Analysis and Synthesis Settings -> More Settings" to "Off".


+----------------------------------------------------------------------------------------------------+
; Parameter Settings for User Entity Instance: uart_loopback_wrapper:U_LOOPBACK|RST_SYNC:U2_RST_SYNC ;
+----------------+-------+---------------------------------------------------------------------------+
; Parameter Name ; Value ; Type                                                                      ;
+----------------+-------+---------------------------------------------------------------------------+
; NUM_STAGES     ; 2     ; Signed Integer                                                            ;
+----------------+-------+---------------------------------------------------------------------------+
Note: In order to hide this table in the UI and the text report file, please set the "Show Parameter Settings in Synthesis Report" option in "Analysis and Synthesis Settings -> More Settings" to "Off".


+---------------------------------------------------------------------------------------------------+
; Parameter Settings for User Entity Instance: uart_loopback_wrapper:U_LOOPBACK|ClkDiv:U0_ClkDiv_TX ;
+----------------+-------+--------------------------------------------------------------------------+
; Parameter Name ; Value ; Type                                                                     ;
+----------------+-------+--------------------------------------------------------------------------+
; RATIO_WD       ; 8     ; Signed Integer                                                           ;
+----------------+-------+--------------------------------------------------------------------------+
Note: In order to hide this table in the UI and the text report file, please set the "Show Parameter Settings in Synthesis Report" option in "Analysis and Synthesis Settings -> More Settings" to "Off".


+------------------------------------------------------------------------------------------------------------+
; Parameter Settings for User Entity Instance: uart_loopback_wrapper:U_LOOPBACK|REQ_ACK_SYNC:U0_REQ_ACK_SYNC ;
+----------------+-------+-----------------------------------------------------------------------------------+
; Parameter Name ; Value ; Type                                                                              ;
+----------------+-------+-----------------------------------------------------------------------------------+
; DATA_WIDTH     ; 8     ; Signed Integer                                                                    ;
+----------------+-------+-----------------------------------------------------------------------------------+
Note: In order to hide this table in the UI and the text report file, please set the "Show Parameter Settings in Synthesis Report" option in "Analysis and Synthesis Settings -> More Settings" to "Off".


+-------------------------------------------------------------------------------------------+
; Parameter Settings for User Entity Instance: uart_loopback_wrapper:U_LOOPBACK|UART:U_UART ;
+----------------+-------+------------------------------------------------------------------+
; Parameter Name ; Value ; Type                                                             ;
+----------------+-------+------------------------------------------------------------------+
; DATA_WIDTH     ; 8     ; Signed Integer                                                   ;
; PRESCALE_WIDTH ; 6     ; Signed Integer                                                   ;
+----------------+-------+------------------------------------------------------------------+
Note: In order to hide this table in the UI and the text report file, please set the "Show Parameter Settings in Synthesis Report" option in "Analysis and Synthesis Settings -> More Settings" to "Off".


+--------------------------------------------------------------------------------------------------------------+
; Parameter Settings for User Entity Instance: uart_loopback_wrapper:U_LOOPBACK|UART:U_UART|UART_TX:U0_UART_TX ;
+----------------+-------+-------------------------------------------------------------------------------------+
; Parameter Name ; Value ; Type                                                                                ;
+----------------+-------+-------------------------------------------------------------------------------------+
; DATA_WIDTH     ; 8     ; Signed Integer                                                                      ;
+----------------+-------+-------------------------------------------------------------------------------------+
Note: In order to hide this table in the UI and the text report file, please set the "Show Parameter Settings in Synthesis Report" option in "Analysis and Synthesis Settings -> More Settings" to "Off".


+-------------------------------------------------------------------------------------------------------------------------------------------+
; Parameter Settings for User Entity Instance: uart_loopback_wrapper:U_LOOPBACK|UART:U_UART|UART_TX:U0_UART_TX|Parity_Calc:parity_calc_inst ;
+----------------+-------+------------------------------------------------------------------------------------------------------------------+
; Parameter Name ; Value ; Type                                                                                                             ;
+----------------+-------+------------------------------------------------------------------------------------------------------------------+
; DATA_WIDTH     ; 8     ; Signed Integer                                                                                                   ;
+----------------+-------+------------------------------------------------------------------------------------------------------------------+
Note: In order to hide this table in the UI and the text report file, please set the "Show Parameter Settings in Synthesis Report" option in "Analysis and Synthesis Settings -> More Settings" to "Off".


+-----------------------------------------------------------------------------------------------------------------------------------------+
; Parameter Settings for User Entity Instance: uart_loopback_wrapper:U_LOOPBACK|UART:U_UART|UART_TX:U0_UART_TX|serializer:serializer_inst ;
+----------------+-------+----------------------------------------------------------------------------------------------------------------+
; Parameter Name ; Value ; Type                                                                                                           ;
+----------------+-------+----------------------------------------------------------------------------------------------------------------+
; DATA_WIDTH     ; 8     ; Signed Integer                                                                                                 ;
+----------------+-------+----------------------------------------------------------------------------------------------------------------+
Note: In order to hide this table in the UI and the text report file, please set the "Show Parameter Settings in Synthesis Report" option in "Analysis and Synthesis Settings -> More Settings" to "Off".


+--------------------------------------------------------------------------------------------------------------+
; Parameter Settings for User Entity Instance: uart_loopback_wrapper:U_LOOPBACK|UART:U_UART|UART_RX:U0_UART_RX ;
+----------------+-------+-------------------------------------------------------------------------------------+
; Parameter Name ; Value ; Type                                                                                ;
+----------------+-------+-------------------------------------------------------------------------------------+
; DATA_WIDTH     ; 8     ; Signed Integer                                                                      ;
; PRESCALE_WIDTH ; 6     ; Signed Integer                                                                      ;
+----------------+-------+-------------------------------------------------------------------------------------+
Note: In order to hide this table in the UI and the text report file, please set the "Show Parameter Settings in Synthesis Report" option in "Analysis and Synthesis Settings -> More Settings" to "Off".


+-----------------------------------------------------------------------------------------------------------------------------------------------------+
; Parameter Settings for User Entity Instance: uart_loopback_wrapper:U_LOOPBACK|UART:U_UART|UART_RX:U0_UART_RX|edge_bit_counter:edge_bit_counter_inst ;
+----------------+-------+----------------------------------------------------------------------------------------------------------------------------+
; Parameter Name ; Value ; Type                                                                                                                       ;
+----------------+-------+----------------------------------------------------------------------------------------------------------------------------+
; PRESCALE_WIDTH ; 6     ; Signed Integer                                                                                                             ;
; BIT_CNT_WIDTH  ; 4     ; Signed Integer                                                                                                             ;
+----------------+-------+----------------------------------------------------------------------------------------------------------------------------+
Note: In order to hide this table in the UI and the text report file, please set the "Show Parameter Settings in Synthesis Report" option in "Analysis and Synthesis Settings -> More Settings" to "Off".


+-----------------------------------------------------------------------------------------------------------------------------------------------+
; Parameter Settings for User Entity Instance: uart_loopback_wrapper:U_LOOPBACK|UART:U_UART|UART_RX:U0_UART_RX|data_sampling:data_sampling_inst ;
+----------------+-------+----------------------------------------------------------------------------------------------------------------------+
; Parameter Name ; Value ; Type                                                                                                                 ;
+----------------+-------+----------------------------------------------------------------------------------------------------------------------+
; PRESCALE_WIDTH ; 6     ; Signed Integer                                                                                                       ;
+----------------+-------+----------------------------------------------------------------------------------------------------------------------+
Note: In order to hide this table in the UI and the text report file, please set the "Show Parameter Settings in Synthesis Report" option in "Analysis and Synthesis Settings -> More Settings" to "Off".


+---------------------------------------------------------------------------------------------------------------------------------------------+
; Parameter Settings for User Entity Instance: uart_loopback_wrapper:U_LOOPBACK|UART:U_UART|UART_RX:U0_UART_RX|deserializer:deserializer_inst ;
+----------------+-------+--------------------------------------------------------------------------------------------------------------------+
; Parameter Name ; Value ; Type                                                                                                               ;
+----------------+-------+--------------------------------------------------------------------------------------------------------------------+
; DATA_WIDTH     ; 8     ; Signed Integer                                                                                                     ;
+----------------+-------+--------------------------------------------------------------------------------------------------------------------+
Note: In order to hide this table in the UI and the text report file, please set the "Show Parameter Settings in Synthesis Report" option in "Analysis and Synthesis Settings -> More Settings" to "Off".


+---------------------------------------------------------------------------------------------------------------------------------------------+
; Parameter Settings for User Entity Instance: uart_loopback_wrapper:U_LOOPBACK|UART:U_UART|UART_RX:U0_UART_RX|parity_check:parity_check_inst ;
+----------------+-------+--------------------------------------------------------------------------------------------------------------------+
; Parameter Name ; Value ; Type                                                                                                               ;
+----------------+-------+--------------------------------------------------------------------------------------------------------------------+
; DATA_WIDTH     ; 8     ; Signed Integer                                                                                                     ;
+----------------+-------+--------------------------------------------------------------------------------------------------------------------+
Note: In order to hide this table in the UI and the text report file, please set the "Show Parameter Settings in Synthesis Report" option in "Analysis and Synthesis Settings -> More Settings" to "Off".


+-------------------------------------------------------------------------------------------------------------------------------------------+
; Parameter Settings for User Entity Instance: uart_loopback_wrapper:U_LOOPBACK|UART:U_UART|UART_RX:U0_UART_RX|uart_rx_fsm:uart_rx_fsm_inst ;
+----------------+-------+------------------------------------------------------------------------------------------------------------------+
; Parameter Name ; Value ; Type                                                                                                             ;
+----------------+-------+------------------------------------------------------------------------------------------------------------------+
; BIT_CNT_WIDTH  ; 4     ; Signed Integer                                                                                                   ;
; PRESCALE_WIDTH ; 6     ; Signed Integer                                                                                                   ;
+----------------+-------+------------------------------------------------------------------------------------------------------------------+
Note: In order to hide this table in the UI and the text report file, please set the "Show Parameter Settings in Synthesis Report" option in "Analysis and Synthesis Settings -> More Settings" to "Off".


+--------------------------------------------------------------------------------------------------------------------------------------+
; Parameter Settings for Inferred Entity Instance: sld_signaltap:auto_signaltap_0                                                      ;
+-------------------------------------------------+-------------------------------------------------------------------+----------------+
; Parameter Name                                  ; Value                                                             ; Type           ;
+-------------------------------------------------+-------------------------------------------------------------------+----------------+
; lpm_type                                        ; sld_signaltap                                                     ; String         ;
; sld_node_info                                   ; 805334528                                                         ; Untyped        ;
; SLD_SECTION_ID                                  ; hdl_signaltap_0                                                   ; String         ;
; SLD_IP_VERSION                                  ; 6                                                                 ; Signed Integer ;
; SLD_IP_MINOR_VERSION                            ; 0                                                                 ; Signed Integer ;
; SLD_COMMON_IP_VERSION                           ; 0                                                                 ; Signed Integer ;
; sld_data_bits                                   ; 13                                                                ; Untyped        ;
; sld_trigger_bits                                ; 13                                                                ; Untyped        ;
; SLD_NODE_CRC_BITS                               ; 32                                                                ; Signed Integer ;
; SLD_NODE_CRC_HIWORD                             ; 41394                                                             ; Signed Integer ;
; SLD_NODE_CRC_LOWORD                             ; 50132                                                             ; Signed Integer ;
; sld_incremental_routing                         ; 1                                                                 ; Untyped        ;
; sld_sample_depth                                ; 1024                                                              ; Untyped        ;
; sld_segment_size                                ; 1024                                                              ; Untyped        ;
; sld_ram_block_type                              ; AUTO                                                              ; Untyped        ;
; sld_state_bits                                  ; 2                                                                 ; Untyped        ;
; sld_buffer_full_stop                            ; 0                                                                 ; Untyped        ;
; SLD_MEM_ADDRESS_BITS                            ; 7                                                                 ; Signed Integer ;
; SLD_DATA_BIT_CNTR_BITS                          ; 4                                                                 ; Signed Integer ;
; sld_trigger_level                               ; 1                                                                 ; Untyped        ;
; sld_trigger_in_enabled                          ; 0                                                                 ; Untyped        ;
; SLD_HPS_TRIGGER_IN_ENABLED                      ; 0                                                                 ; Signed Integer ;
; SLD_HPS_TRIGGER_OUT_ENABLED                     ; 0                                                                 ; Signed Integer ;
; SLD_HPS_EVENT_ENABLED                           ; 0                                                                 ; Signed Integer ;
; SLD_HPS_EVENT_ID                                ; 0                                                                 ; Signed Integer ;
; sld_advanced_trigger_entity                     ; basic,1,                                                          ; Untyped        ;
; sld_trigger_level_pipeline                      ; 1                                                                 ; Untyped        ;
; sld_trigger_pipeline                            ; 0                                                                 ; Untyped        ;
; sld_ram_pipeline                                ; 0                                                                 ; Untyped        ;
; sld_counter_pipeline                            ; 0                                                                 ; Untyped        ;
; sld_enable_advanced_trigger                     ; 0                                                                 ; Untyped        ;
; SLD_ADVANCED_TRIGGER_1                          ; NONE                                                              ; String         ;
; SLD_ADVANCED_TRIGGER_2                          ; NONE                                                              ; String         ;
; SLD_ADVANCED_TRIGGER_3                          ; NONE                                                              ; String         ;
; SLD_ADVANCED_TRIGGER_4                          ; NONE                                                              ; String         ;
; SLD_ADVANCED_TRIGGER_5                          ; NONE                                                              ; String         ;
; SLD_ADVANCED_TRIGGER_6                          ; NONE                                                              ; String         ;
; SLD_ADVANCED_TRIGGER_7                          ; NONE                                                              ; String         ;
; SLD_ADVANCED_TRIGGER_8                          ; NONE                                                              ; String         ;
; SLD_ADVANCED_TRIGGER_9                          ; NONE                                                              ; String         ;
; SLD_ADVANCED_TRIGGER_10                         ; NONE                                                              ; String         ;
; sld_inversion_mask_length                       ; 53                                                                ; Untyped        ;
; sld_inversion_mask                              ; 00000000000000000000000000000000000000000000000000000             ; Untyped        ;
; sld_power_up_trigger                            ; 0                                                                 ; Untyped        ;
; sld_state_flow_mgr_entity                       ; sld_reserved_uart_loopback_wrapper_auto_signaltap_0_flow_mgr_c90c ; Untyped        ;
; sld_state_flow_use_generated                    ; 1                                                                 ; Untyped        ;
; sld_current_resource_width                      ; 0                                                                 ; Untyped        ;
; sld_attribute_mem_mode                          ; OFF                                                               ; Untyped        ;
; sld_storage_qualifier_bits                      ; 13                                                                ; Untyped        ;
; SLD_STORAGE_QUALIFIER_GAP_RECORD                ; 0                                                                 ; Signed Integer ;
; SLD_STORAGE_QUALIFIER_MODE                      ; OFF                                                               ; String         ;
; SLD_STORAGE_QUALIFIER_ENABLE_ADVANCED_CONDITION ; 0                                                                 ; Signed Integer ;
; sld_storage_qualifier_inversion_mask_length     ; 0                                                                 ; Untyped        ;
; SLD_STORAGE_QUALIFIER_ADVANCED_CONDITION_ENTITY ; basic                                                             ; String         ;
; SLD_STORAGE_QUALIFIER_PIPELINE                  ; 0                                                                 ; Signed Integer ;
; SLD_CREATE_MONITOR_INTERFACE                    ; 0                                                                 ; Signed Integer ;
; SLD_USE_JTAG_SIGNAL_ADAPTER                     ; 1                                                                 ; Signed Integer ;
+-------------------------------------------------+-------------------------------------------------------------------+----------------+
Note: In order to hide this table in the UI and the text report file, please set the "Show Parameter Settings in Synthesis Report" option in "Analysis and Synthesis Settings -> More Settings" to "Off".


+----------------------------------------------------------------------+
; altpll Parameter Settings by Entity Instance                         ;
+-------------------------------+--------------------------------------+
; Name                          ; Value                                ;
+-------------------------------+--------------------------------------+
; Number of entity instances    ; 1                                    ;
; Entity Instance               ; MY_PLL:U_PLL|altpll:altpll_component ;
;     -- OPERATION_MODE         ; NORMAL                               ;
;     -- PLL_TYPE               ; AUTO                                 ;
;     -- PRIMARY_CLOCK          ; INCLK0                               ;
;     -- INCLK0_INPUT_FREQUENCY ; 20000                                ;
;     -- INCLK1_INPUT_FREQUENCY ; 0                                    ;
;     -- VCO_MULTIPLY_BY        ; 0                                    ;
;     -- VCO_DIVIDE_BY          ; 0                                    ;
+-------------------------------+--------------------------------------+


+----------------------------------------------------------------------------------------------------------------+
; Port Connectivity Checks: "uart_loopback_wrapper:U_LOOPBACK|UART:U_UART|UART_TX:U0_UART_TX|TX_MUX:tx_mux_inst" ;
+-----------+-------+----------+---------------------------------------------------------------------------------+
; Port      ; Type  ; Severity ; Details                                                                         ;
+-----------+-------+----------+---------------------------------------------------------------------------------+
; start_bit ; Input ; Info     ; Stuck at GND                                                                    ;
; stop_bit  ; Input ; Info     ; Stuck at VCC                                                                    ;
+-----------+-------+----------+---------------------------------------------------------------------------------+


+--------------------------------------------------------------------------+
; Port Connectivity Checks: "uart_loopback_wrapper:U_LOOPBACK|UART:U_UART" ;
+----------------+-------+----------+--------------------------------------+
; Port           ; Type  ; Severity ; Details                              ;
+----------------+-------+----------+--------------------------------------+
; Prescale[4..0] ; Input ; Info     ; Stuck at GND                         ;
; Prescale[5]    ; Input ; Info     ; Stuck at VCC                         ;
+----------------+-------+----------+--------------------------------------+


+----------------------------------------------------------------------------------+
; Port Connectivity Checks: "uart_loopback_wrapper:U_LOOPBACK|ClkDiv:U0_ClkDiv_TX" ;
+-------------------+-------+----------+-------------------------------------------+
; Port              ; Type  ; Severity ; Details                                   ;
+-------------------+-------+----------+-------------------------------------------+
; i_clk_en          ; Input ; Info     ; Stuck at VCC                              ;
; i_div_ratio[7..6] ; Input ; Info     ; Stuck at GND                              ;
; i_div_ratio[4..0] ; Input ; Info     ; Stuck at GND                              ;
; i_div_ratio[5]    ; Input ; Info     ; Stuck at VCC                              ;
+-------------------+-------+----------+-------------------------------------------+


+--------------------------------------------------------------+
; Port Connectivity Checks: "uart_loopback_wrapper:U_LOOPBACK" ;
+---------------+-------+----------+---------------------------+
; Port          ; Type  ; Severity ; Details                   ;
+---------------+-------+----------+---------------------------+
; parity_enable ; Input ; Info     ; Stuck at GND              ;
; parity_type   ; Input ; Info     ; Stuck at GND              ;
+---------------+-------+----------+---------------------------+


+----------------------------------------------------------------------------------------------------------------+
; Port Connectivity Checks: "MY_PLL:U_PLL"                                                                       ;
+------+--------+----------+-------------------------------------------------------------------------------------+
; Port ; Type   ; Severity ; Details                                                                             ;
+------+--------+----------+-------------------------------------------------------------------------------------+
; c1   ; Output ; Info     ; Connected to dangling logic. Logic that only feeds a dangling port will be removed. ;
+------+--------+----------+-------------------------------------------------------------------------------------+


+-------------------------------------------------------------------------------------------------------------------------------------------------------------------------------------------------------------------------------------------------------------------------+
; Signal Tap Logic Analyzer Settings                                                                                                                                                                                                                                      ;
+----------------+------------------+---------------------+------------------+--------------+----------+------------------------+----------------------+--------------------+-----------------------------+-----------------+------------------+--------------------------+
; Instance Index ; Instance Name    ; Trigger Input Width ; Data Input Width ; Sample Depth ; Segments ; Storage Qualifier Type ; Trigger Flow Control ; Trigger Conditions ; Advanced Trigger Conditions ; Trigger In Used ; Trigger Out Used ; Power-Up Trigger Enabled ;
+----------------+------------------+---------------------+------------------+--------------+----------+------------------------+----------------------+--------------------+-----------------------------+-----------------+------------------+--------------------------+
; 0              ; auto_signaltap_0 ; 13                  ; 13               ; 1024         ; 1        ; continuous             ; state-based          ; 1                  ; 0                           ; no              ; no               ; no                       ;
+----------------+------------------+---------------------+------------------+--------------+----------+------------------------+----------------------+--------------------+-----------------------------+-----------------+------------------+--------------------------+


+-----------------------------------------------------+
; Post-Synthesis Netlist Statistics for Top Partition ;
+-----------------------+-----------------------------+
; Type                  ; Count                       ;
+-----------------------+-----------------------------+
; boundary_port         ; 19                          ;
; cycloneiii_ff         ; 74                          ;
;     CLR               ; 31                          ;
;     CLR SCLR          ; 7                           ;
;     CLR SLD           ; 1                           ;
;     ENA CLR           ; 35                          ;
; cycloneiii_lcell_comb ; 82                          ;
;     arith             ; 11                          ;
;         2 data inputs ; 11                          ;
;     normal            ; 71                          ;
;         0 data inputs ; 1                           ;
;         1 data inputs ; 3                           ;
;         2 data inputs ; 11                          ;
;         3 data inputs ; 22                          ;
;         4 data inputs ; 34                          ;
; cycloneiii_pll        ; 1                           ;
;                       ;                             ;
; Max LUT depth         ; 4.00                        ;
; Average LUT depth     ; 1.89                        ;
+-----------------------+-----------------------------+


+-------------------------------+
; Elapsed Time Per Partition    ;
+----------------+--------------+
; Partition Name ; Elapsed Time ;
+----------------+--------------+
; Top            ; 00:00:01     ;
+----------------+--------------+


+-----------------------------------------------------------------------------------------------------------------------------------------------------------------------------------------------------------------------------------------------------------------+
; Connections to In-System Debugging Instance "auto_signaltap_0"                                                                                                                                                                                                  ;
+----------------------------------------------------------+---------------+-----------+--------------------------------+-------------------+-----------------------------------------------------------------------------------------------------------+---------+
; Name                                                     ; Type          ; Status    ; Partition Name                 ; Netlist Type Used ; Actual Connection                                                                                         ; Details ;
+----------------------------------------------------------+---------------+-----------+--------------------------------+-------------------+-----------------------------------------------------------------------------------------------------------+---------+
; My_PLL:U_PLL|c1                                          ; pre-synthesis ; connected ; Top                            ; post-synthesis    ; MY_PLL:U_PLL|altpll:altpll_component|MY_PLL_altpll:auto_generated|wire_pll1_clk[1]                        ; N/A     ;
; uart_loopback_wrapper:U_LOOPBACK|UART:U_UART|RX_OUT_P[0] ; pre-synthesis ; connected ; Top                            ; post-synthesis    ; uart_loopback_wrapper:U_LOOPBACK|UART:U_UART|UART_RX:U0_UART_RX|deserializer:deserializer_inst|P_DATA[0]  ; N/A     ;
; uart_loopback_wrapper:U_LOOPBACK|UART:U_UART|RX_OUT_P[0] ; pre-synthesis ; connected ; Top                            ; post-synthesis    ; uart_loopback_wrapper:U_LOOPBACK|UART:U_UART|UART_RX:U0_UART_RX|deserializer:deserializer_inst|P_DATA[0]  ; N/A     ;
; uart_loopback_wrapper:U_LOOPBACK|UART:U_UART|RX_OUT_P[1] ; pre-synthesis ; connected ; Top                            ; post-synthesis    ; uart_loopback_wrapper:U_LOOPBACK|UART:U_UART|UART_RX:U0_UART_RX|deserializer:deserializer_inst|P_DATA[1]  ; N/A     ;
; uart_loopback_wrapper:U_LOOPBACK|UART:U_UART|RX_OUT_P[1] ; pre-synthesis ; connected ; Top                            ; post-synthesis    ; uart_loopback_wrapper:U_LOOPBACK|UART:U_UART|UART_RX:U0_UART_RX|deserializer:deserializer_inst|P_DATA[1]  ; N/A     ;
; uart_loopback_wrapper:U_LOOPBACK|UART:U_UART|RX_OUT_P[2] ; pre-synthesis ; connected ; Top                            ; post-synthesis    ; uart_loopback_wrapper:U_LOOPBACK|UART:U_UART|UART_RX:U0_UART_RX|deserializer:deserializer_inst|P_DATA[2]  ; N/A     ;
; uart_loopback_wrapper:U_LOOPBACK|UART:U_UART|RX_OUT_P[2] ; pre-synthesis ; connected ; Top                            ; post-synthesis    ; uart_loopback_wrapper:U_LOOPBACK|UART:U_UART|UART_RX:U0_UART_RX|deserializer:deserializer_inst|P_DATA[2]  ; N/A     ;
; uart_loopback_wrapper:U_LOOPBACK|UART:U_UART|RX_OUT_P[3] ; pre-synthesis ; connected ; Top                            ; post-synthesis    ; uart_loopback_wrapper:U_LOOPBACK|UART:U_UART|UART_RX:U0_UART_RX|deserializer:deserializer_inst|P_DATA[3]  ; N/A     ;
; uart_loopback_wrapper:U_LOOPBACK|UART:U_UART|RX_OUT_P[3] ; pre-synthesis ; connected ; Top                            ; post-synthesis    ; uart_loopback_wrapper:U_LOOPBACK|UART:U_UART|UART_RX:U0_UART_RX|deserializer:deserializer_inst|P_DATA[3]  ; N/A     ;
; uart_loopback_wrapper:U_LOOPBACK|UART:U_UART|RX_OUT_P[4] ; pre-synthesis ; connected ; Top                            ; post-synthesis    ; uart_loopback_wrapper:U_LOOPBACK|UART:U_UART|UART_RX:U0_UART_RX|deserializer:deserializer_inst|P_DATA[4]  ; N/A     ;
; uart_loopback_wrapper:U_LOOPBACK|UART:U_UART|RX_OUT_P[4] ; pre-synthesis ; connected ; Top                            ; post-synthesis    ; uart_loopback_wrapper:U_LOOPBACK|UART:U_UART|UART_RX:U0_UART_RX|deserializer:deserializer_inst|P_DATA[4]  ; N/A     ;
; uart_loopback_wrapper:U_LOOPBACK|UART:U_UART|RX_OUT_P[5] ; pre-synthesis ; connected ; Top                            ; post-synthesis    ; uart_loopback_wrapper:U_LOOPBACK|UART:U_UART|UART_RX:U0_UART_RX|deserializer:deserializer_inst|P_DATA[5]  ; N/A     ;
; uart_loopback_wrapper:U_LOOPBACK|UART:U_UART|RX_OUT_P[5] ; pre-synthesis ; connected ; Top                            ; post-synthesis    ; uart_loopback_wrapper:U_LOOPBACK|UART:U_UART|UART_RX:U0_UART_RX|deserializer:deserializer_inst|P_DATA[5]  ; N/A     ;
; uart_loopback_wrapper:U_LOOPBACK|UART:U_UART|RX_OUT_P[6] ; pre-synthesis ; connected ; Top                            ; post-synthesis    ; uart_loopback_wrapper:U_LOOPBACK|UART:U_UART|UART_RX:U0_UART_RX|deserializer:deserializer_inst|P_DATA[6]  ; N/A     ;
; uart_loopback_wrapper:U_LOOPBACK|UART:U_UART|RX_OUT_P[6] ; pre-synthesis ; connected ; Top                            ; post-synthesis    ; uart_loopback_wrapper:U_LOOPBACK|UART:U_UART|UART_RX:U0_UART_RX|deserializer:deserializer_inst|P_DATA[6]  ; N/A     ;
; uart_loopback_wrapper:U_LOOPBACK|UART:U_UART|RX_OUT_P[7] ; pre-synthesis ; connected ; Top                            ; post-synthesis    ; uart_loopback_wrapper:U_LOOPBACK|UART:U_UART|UART_RX:U0_UART_RX|deserializer:deserializer_inst|P_DATA[7]  ; N/A     ;
; uart_loopback_wrapper:U_LOOPBACK|UART:U_UART|RX_OUT_P[7] ; pre-synthesis ; connected ; Top                            ; post-synthesis    ; uart_loopback_wrapper:U_LOOPBACK|UART:U_UART|UART_RX:U0_UART_RX|deserializer:deserializer_inst|P_DATA[7]  ; N/A     ;
; uart_loopback_wrapper:U_LOOPBACK|UART:U_UART|RX_OUT_V    ; pre-synthesis ; connected ; Top                            ; post-synthesis    ; uart_loopback_wrapper:U_LOOPBACK|UART:U_UART|UART_RX:U0_UART_RX|uart_rx_fsm:uart_rx_fsm_inst|data_valid~0 ; N/A     ;
; uart_loopback_wrapper:U_LOOPBACK|UART:U_UART|RX_OUT_V    ; pre-synthesis ; connected ; Top                            ; post-synthesis    ; uart_loopback_wrapper:U_LOOPBACK|UART:U_UART|UART_RX:U0_UART_RX|uart_rx_fsm:uart_rx_fsm_inst|data_valid~0 ; N/A     ;
; uart_loopback_wrapper:U_LOOPBACK|UART:U_UART|TX_IN_V     ; pre-synthesis ; connected ; Top                            ; post-synthesis    ; uart_loopback_wrapper:U_LOOPBACK|REQ_ACK_SYNC:U0_REQ_ACK_SYNC|valid_level                                 ; N/A     ;
; uart_loopback_wrapper:U_LOOPBACK|UART:U_UART|TX_IN_V     ; pre-synthesis ; connected ; Top                            ; post-synthesis    ; uart_loopback_wrapper:U_LOOPBACK|REQ_ACK_SYNC:U0_REQ_ACK_SYNC|valid_level                                 ; N/A     ;
; uart_loopback_wrapper:U_LOOPBACK|UART:U_UART|TX_OUT_V    ; pre-synthesis ; connected ; Top                            ; post-synthesis    ; uart_loopback_wrapper:U_LOOPBACK|UART:U_UART|UART_TX:U0_UART_TX|FSM:fsm_inst|current_state.IDLE           ; N/A     ;
; uart_loopback_wrapper:U_LOOPBACK|UART:U_UART|TX_OUT_V    ; pre-synthesis ; connected ; Top                            ; post-synthesis    ; uart_loopback_wrapper:U_LOOPBACK|UART:U_UART|UART_TX:U0_UART_TX|FSM:fsm_inst|current_state.IDLE           ; N/A     ;
; uart_rx                                                  ; pre-synthesis ; connected ; Top                            ; post-synthesis    ; uart_rx                                                                                                   ; N/A     ;
; uart_rx                                                  ; pre-synthesis ; connected ; Top                            ; post-synthesis    ; uart_rx                                                                                                   ; N/A     ;
; uart_tx                                                  ; pre-synthesis ; connected ; Top                            ; post-synthesis    ; uart_loopback_wrapper:U_LOOPBACK|UART:U_UART|UART_TX:U0_UART_TX|TX_MUX:tx_mux_inst|Mux0~0                 ; N/A     ;
; uart_tx                                                  ; pre-synthesis ; connected ; Top                            ; post-synthesis    ; uart_loopback_wrapper:U_LOOPBACK|UART:U_UART|UART_TX:U0_UART_TX|TX_MUX:tx_mux_inst|Mux0~0                 ; N/A     ;
; auto_signaltap_0|gnd                                     ; post-fitting  ; connected ; sld_signaltap:auto_signaltap_0 ; post-synthesis    ; sld_signaltap:auto_signaltap_0|~GND                                                                       ; N/A     ;
; auto_signaltap_0|gnd                                     ; post-fitting  ; connected ; sld_signaltap:auto_signaltap_0 ; post-synthesis    ; sld_signaltap:auto_signaltap_0|~GND                                                                       ; N/A     ;
; auto_signaltap_0|gnd                                     ; post-fitting  ; connected ; sld_signaltap:auto_signaltap_0 ; post-synthesis    ; sld_signaltap:auto_signaltap_0|~GND                                                                       ; N/A     ;
; auto_signaltap_0|gnd                                     ; post-fitting  ; connected ; sld_signaltap:auto_signaltap_0 ; post-synthesis    ; sld_signaltap:auto_signaltap_0|~GND                                                                       ; N/A     ;
; auto_signaltap_0|gnd                                     ; post-fitting  ; connected ; sld_signaltap:auto_signaltap_0 ; post-synthesis    ; sld_signaltap:auto_signaltap_0|~GND                                                                       ; N/A     ;
; auto_signaltap_0|gnd                                     ; post-fitting  ; connected ; sld_signaltap:auto_signaltap_0 ; post-synthesis    ; sld_signaltap:auto_signaltap_0|~GND                                                                       ; N/A     ;
; auto_signaltap_0|gnd                                     ; post-fitting  ; connected ; sld_signaltap:auto_signaltap_0 ; post-synthesis    ; sld_signaltap:auto_signaltap_0|~GND                                                                       ; N/A     ;
; auto_signaltap_0|gnd                                     ; post-fitting  ; connected ; sld_signaltap:auto_signaltap_0 ; post-synthesis    ; sld_signaltap:auto_signaltap_0|~GND                                                                       ; N/A     ;
; auto_signaltap_0|gnd                                     ; post-fitting  ; connected ; sld_signaltap:auto_signaltap_0 ; post-synthesis    ; sld_signaltap:auto_signaltap_0|~GND                                                                       ; N/A     ;
; auto_signaltap_0|gnd                                     ; post-fitting  ; connected ; sld_signaltap:auto_signaltap_0 ; post-synthesis    ; sld_signaltap:auto_signaltap_0|~GND                                                                       ; N/A     ;
; auto_signaltap_0|gnd                                     ; post-fitting  ; connected ; sld_signaltap:auto_signaltap_0 ; post-synthesis    ; sld_signaltap:auto_signaltap_0|~GND                                                                       ; N/A     ;
; auto_signaltap_0|gnd                                     ; post-fitting  ; connected ; sld_signaltap:auto_signaltap_0 ; post-synthesis    ; sld_signaltap:auto_signaltap_0|~GND                                                                       ; N/A     ;
; auto_signaltap_0|gnd                                     ; post-fitting  ; connected ; sld_signaltap:auto_signaltap_0 ; post-synthesis    ; sld_signaltap:auto_signaltap_0|~GND                                                                       ; N/A     ;
; auto_signaltap_0|gnd                                     ; post-fitting  ; connected ; sld_signaltap:auto_signaltap_0 ; post-synthesis    ; sld_signaltap:auto_signaltap_0|~GND                                                                       ; N/A     ;
; auto_signaltap_0|gnd                                     ; post-fitting  ; connected ; sld_signaltap:auto_signaltap_0 ; post-synthesis    ; sld_signaltap:auto_signaltap_0|~GND                                                                       ; N/A     ;
; auto_signaltap_0|gnd                                     ; post-fitting  ; connected ; sld_signaltap:auto_signaltap_0 ; post-synthesis    ; sld_signaltap:auto_signaltap_0|~GND                                                                       ; N/A     ;
; auto_signaltap_0|gnd                                     ; post-fitting  ; connected ; sld_signaltap:auto_signaltap_0 ; post-synthesis    ; sld_signaltap:auto_signaltap_0|~GND                                                                       ; N/A     ;
; auto_signaltap_0|gnd                                     ; post-fitting  ; connected ; sld_signaltap:auto_signaltap_0 ; post-synthesis    ; sld_signaltap:auto_signaltap_0|~GND                                                                       ; N/A     ;
; auto_signaltap_0|gnd                                     ; post-fitting  ; connected ; sld_signaltap:auto_signaltap_0 ; post-synthesis    ; sld_signaltap:auto_signaltap_0|~GND                                                                       ; N/A     ;
; auto_signaltap_0|vcc                                     ; post-fitting  ; connected ; sld_signaltap:auto_signaltap_0 ; post-synthesis    ; sld_signaltap:auto_signaltap_0|~VCC                                                                       ; N/A     ;
; auto_signaltap_0|vcc                                     ; post-fitting  ; connected ; sld_signaltap:auto_signaltap_0 ; post-synthesis    ; sld_signaltap:auto_signaltap_0|~VCC                                                                       ; N/A     ;
; auto_signaltap_0|vcc                                     ; post-fitting  ; connected ; sld_signaltap:auto_signaltap_0 ; post-synthesis    ; sld_signaltap:auto_signaltap_0|~VCC                                                                       ; N/A     ;
; auto_signaltap_0|vcc                                     ; post-fitting  ; connected ; sld_signaltap:auto_signaltap_0 ; post-synthesis    ; sld_signaltap:auto_signaltap_0|~VCC                                                                       ; N/A     ;
; auto_signaltap_0|vcc                                     ; post-fitting  ; connected ; sld_signaltap:auto_signaltap_0 ; post-synthesis    ; sld_signaltap:auto_signaltap_0|~VCC                                                                       ; N/A     ;
; auto_signaltap_0|vcc                                     ; post-fitting  ; connected ; sld_signaltap:auto_signaltap_0 ; post-synthesis    ; sld_signaltap:auto_signaltap_0|~VCC                                                                       ; N/A     ;
; auto_signaltap_0|vcc                                     ; post-fitting  ; connected ; sld_signaltap:auto_signaltap_0 ; post-synthesis    ; sld_signaltap:auto_signaltap_0|~VCC                                                                       ; N/A     ;
; auto_signaltap_0|vcc                                     ; post-fitting  ; connected ; sld_signaltap:auto_signaltap_0 ; post-synthesis    ; sld_signaltap:auto_signaltap_0|~VCC                                                                       ; N/A     ;
; auto_signaltap_0|vcc                                     ; post-fitting  ; connected ; sld_signaltap:auto_signaltap_0 ; post-synthesis    ; sld_signaltap:auto_signaltap_0|~VCC                                                                       ; N/A     ;
; auto_signaltap_0|vcc                                     ; post-fitting  ; connected ; sld_signaltap:auto_signaltap_0 ; post-synthesis    ; sld_signaltap:auto_signaltap_0|~VCC                                                                       ; N/A     ;
; auto_signaltap_0|vcc                                     ; post-fitting  ; connected ; sld_signaltap:auto_signaltap_0 ; post-synthesis    ; sld_signaltap:auto_signaltap_0|~VCC                                                                       ; N/A     ;
; auto_signaltap_0|vcc                                     ; post-fitting  ; connected ; sld_signaltap:auto_signaltap_0 ; post-synthesis    ; sld_signaltap:auto_signaltap_0|~VCC                                                                       ; N/A     ;
; auto_signaltap_0|vcc                                     ; post-fitting  ; connected ; sld_signaltap:auto_signaltap_0 ; post-synthesis    ; sld_signaltap:auto_signaltap_0|~VCC                                                                       ; N/A     ;
+----------------------------------------------------------+---------------+-----------+--------------------------------+-------------------+-----------------------------------------------------------------------------------------------------------+---------+


+-------------------------------+
; Analysis & Synthesis Messages ;
+-------------------------------+
Info: *******************************************************************
Info: Running Quartus Prime Analysis & Synthesis
    Info: Version 18.1.0 Build 625 09/12/2018 SJ Lite Edition
    Info: Processing started: Sun Sep 13 22:51:43 2026
Info: Command: quartus_map --read_settings_files=on --write_settings_files=off uart_loopback_wrapper -c uart_loopback_wrapper
Warning (18236): Number of processors has not been specified which may cause overloading on shared machines.  Set the global assignment NUM_PARALLEL_PROCESSORS in your QSF to an appropriate value for best performance.
Info (20030): Parallel compilation is enabled and will use 14 of the 14 processors detected
Info (12021): Found 1 design units, including 1 entities, in source file top.v
    Info (12023): Found entity 1: top File: C:/Users/Dell/Desktop/Eltemsah Digital IC Design Course/Assignments/System/UART_RTL/uart/top.v Line: 24
Info (12021): Found 1 design units, including 1 entities, in source file uart_tx.v
    Info (12023): Found entity 1: UART_TX File: C:/Users/Dell/Desktop/Eltemsah Digital IC Design Course/Assignments/System/UART_RTL/uart/UART_TX.v Line: 1
Info (12021): Found 1 design units, including 1 entities, in source file uart_rx_fsm.v
    Info (12023): Found entity 1: uart_rx_fsm File: C:/Users/Dell/Desktop/Eltemsah Digital IC Design Course/Assignments/System/UART_RTL/uart/uart_rx_fsm.v Line: 1
Info (12021): Found 1 design units, including 1 entities, in source file uart_rx.v
    Info (12023): Found entity 1: UART_RX File: C:/Users/Dell/Desktop/Eltemsah Digital IC Design Course/Assignments/System/UART_RTL/uart/UART_RX.v Line: 1
Info (12021): Found 1 design units, including 1 entities, in source file uart_loopback_wrapper.v
    Info (12023): Found entity 1: uart_loopback_wrapper File: C:/Users/Dell/Desktop/Eltemsah Digital IC Design Course/Assignments/System/UART_RTL/uart/uart_loopback_wrapper.v Line: 3
Info (12021): Found 1 design units, including 1 entities, in source file uart.v
    Info (12023): Found entity 1: UART File: C:/Users/Dell/Desktop/Eltemsah Digital IC Design Course/Assignments/System/UART_RTL/uart/UART.v Line: 1
Info (12021): Found 1 design units, including 1 entities, in source file tx_mux.v
    Info (12023): Found entity 1: TX_MUX File: C:/Users/Dell/Desktop/Eltemsah Digital IC Design Course/Assignments/System/UART_RTL/uart/TX_MUX.V Line: 1
Info (12021): Found 1 design units, including 1 entities, in source file stop_check.v
    Info (12023): Found entity 1: stop_check File: C:/Users/Dell/Desktop/Eltemsah Digital IC Design Course/Assignments/System/UART_RTL/uart/stop_check.v Line: 1
Info (12021): Found 1 design units, including 1 entities, in source file start_check.v
    Info (12023): Found entity 1: start_check File: C:/Users/Dell/Desktop/Eltemsah Digital IC Design Course/Assignments/System/UART_RTL/uart/start_check.v Line: 1
Info (12021): Found 1 design units, including 1 entities, in source file serializer.v
    Info (12023): Found entity 1: serializer File: C:/Users/Dell/Desktop/Eltemsah Digital IC Design Course/Assignments/System/UART_RTL/uart/serializer.v Line: 1
Warning (10335): Unrecognized synthesis attribute "ASYNC_REG" at RST_SYNC.v(18) File: C:/Users/Dell/Desktop/Eltemsah Digital IC Design Course/Assignments/System/UART_RTL/uart/RST_SYNC.v Line: 18
Info (12021): Found 1 design units, including 1 entities, in source file rst_sync.v
    Info (12023): Found entity 1: RST_SYNC File: C:/Users/Dell/Desktop/Eltemsah Digital IC Design Course/Assignments/System/UART_RTL/uart/RST_SYNC.v Line: 8
Info (12021): Found 1 design units, including 1 entities, in source file req_ack_sync.v
    Info (12023): Found entity 1: REQ_ACK_SYNC File: C:/Users/Dell/Desktop/Eltemsah Digital IC Design Course/Assignments/System/UART_RTL/uart/REQ_ACK_SYNC.v Line: 11
Info (12021): Found 1 design units, including 1 entities, in source file parity_check.v
    Info (12023): Found entity 1: parity_check File: C:/Users/Dell/Desktop/Eltemsah Digital IC Design Course/Assignments/System/UART_RTL/uart/parity_check.v Line: 1
Info (12021): Found 1 design units, including 1 entities, in source file parity_calc.v
    Info (12023): Found entity 1: Parity_Calc File: C:/Users/Dell/Desktop/Eltemsah Digital IC Design Course/Assignments/System/UART_RTL/uart/Parity_Calc.v Line: 1
Info (12021): Found 1 design units, including 1 entities, in source file fsm.v
    Info (12023): Found entity 1: FSM File: C:/Users/Dell/Desktop/Eltemsah Digital IC Design Course/Assignments/System/UART_RTL/uart/FSM.V Line: 1
Info (12021): Found 1 design units, including 1 entities, in source file edge_bit_counter.v
    Info (12023): Found entity 1: edge_bit_counter File: C:/Users/Dell/Desktop/Eltemsah Digital IC Design Course/Assignments/System/UART_RTL/uart/edge_bit_counter.v Line: 13
Info (12021): Found 1 design units, including 1 entities, in source file deserializer.v
    Info (12023): Found entity 1: deserializer File: C:/Users/Dell/Desktop/Eltemsah Digital IC Design Course/Assignments/System/UART_RTL/uart/deserializer.v Line: 1
Info (12021): Found 1 design units, including 1 entities, in source file data_sampling.v
    Info (12023): Found entity 1: data_sampling File: C:/Users/Dell/Desktop/Eltemsah Digital IC Design Course/Assignments/System/UART_RTL/uart/data_sampling.v Line: 1
Info (12021): Found 1 design units, including 1 entities, in source file clkdiv.v
    Info (12023): Found entity 1: ClkDiv File: C:/Users/Dell/Desktop/Eltemsah Digital IC Design Course/Assignments/System/UART_RTL/uart/ClkDiv.v Line: 2
Info (12021): Found 1 design units, including 1 entities, in source file my_pll.v
    Info (12023): Found entity 1: MY_PLL File: C:/Users/Dell/Desktop/Eltemsah Digital IC Design Course/Assignments/System/UART_RTL/uart/MY_PLL.v Line: 39
Info (12127): Elaborating entity "top" for the top level hierarchy
Info (12128): Elaborating entity "MY_PLL" for hierarchy "MY_PLL:U_PLL" File: C:/Users/Dell/Desktop/Eltemsah Digital IC Design Course/Assignments/System/UART_RTL/uart/top.v Line: 47
Info (12128): Elaborating entity "altpll" for hierarchy "MY_PLL:U_PLL|altpll:altpll_component" File: C:/Users/Dell/Desktop/Eltemsah Digital IC Design Course/Assignments/System/UART_RTL/uart/MY_PLL.v Line: 94
Info (12130): Elaborated megafunction instantiation "MY_PLL:U_PLL|altpll:altpll_component" File: C:/Users/Dell/Desktop/Eltemsah Digital IC Design Course/Assignments/System/UART_RTL/uart/MY_PLL.v Line: 94
Info (12133): Instantiated megafunction "MY_PLL:U_PLL|altpll:altpll_component" with the following parameter: File: C:/Users/Dell/Desktop/Eltemsah Digital IC Design Course/Assignments/System/UART_RTL/uart/MY_PLL.v Line: 94
    Info (12134): Parameter "bandwidth_type" = "AUTO"
    Info (12134): Parameter "clk0_divide_by" = "25000"
    Info (12134): Parameter "clk0_duty_cycle" = "50"
    Info (12134): Parameter "clk0_multiply_by" = "1843"
    Info (12134): Parameter "clk0_phase_shift" = "0"
    Info (12134): Parameter "clk1_divide_by" = "1"
    Info (12134): Parameter "clk1_duty_cycle" = "50"
    Info (12134): Parameter "clk1_multiply_by" = "2"
    Info (12134): Parameter "clk1_phase_shift" = "0"
    Info (12134): Parameter "compensate_clock" = "CLK0"
    Info (12134): Parameter "inclk0_input_frequency" = "20000"
    Info (12134): Parameter "intended_device_family" = "MAX 10"
    Info (12134): Parameter "lpm_hint" = "CBX_MODULE_PREFIX=MY_PLL"
    Info (12134): Parameter "lpm_type" = "altpll"
    Info (12134): Parameter "operation_mode" = "NORMAL"
    Info (12134): Parameter "pll_type" = "AUTO"
    Info (12134): Parameter "port_activeclock" = "PORT_UNUSED"
    Info (12134): Parameter "port_areset" = "PORT_UNUSED"
    Info (12134): Parameter "port_clkbad0" = "PORT_UNUSED"
    Info (12134): Parameter "port_clkbad1" = "PORT_UNUSED"
    Info (12134): Parameter "port_clkloss" = "PORT_UNUSED"
    Info (12134): Parameter "port_clkswitch" = "PORT_UNUSED"
    Info (12134): Parameter "port_configupdate" = "PORT_UNUSED"
    Info (12134): Parameter "port_fbin" = "PORT_UNUSED"
    Info (12134): Parameter "port_inclk0" = "PORT_USED"
    Info (12134): Parameter "port_inclk1" = "PORT_UNUSED"
    Info (12134): Parameter "port_locked" = "PORT_UNUSED"
    Info (12134): Parameter "port_pfdena" = "PORT_UNUSED"
    Info (12134): Parameter "port_phasecounterselect" = "PORT_UNUSED"
    Info (12134): Parameter "port_phasedone" = "PORT_UNUSED"
    Info (12134): Parameter "port_phasestep" = "PORT_UNUSED"
    Info (12134): Parameter "port_phaseupdown" = "PORT_UNUSED"
    Info (12134): Parameter "port_pllena" = "PORT_UNUSED"
    Info (12134): Parameter "port_scanaclr" = "PORT_UNUSED"
    Info (12134): Parameter "port_scanclk" = "PORT_UNUSED"
    Info (12134): Parameter "port_scanclkena" = "PORT_UNUSED"
    Info (12134): Parameter "port_scandata" = "PORT_UNUSED"
    Info (12134): Parameter "port_scandataout" = "PORT_UNUSED"
    Info (12134): Parameter "port_scandone" = "PORT_UNUSED"
    Info (12134): Parameter "port_scanread" = "PORT_UNUSED"
    Info (12134): Parameter "port_scanwrite" = "PORT_UNUSED"
    Info (12134): Parameter "port_clk0" = "PORT_USED"
    Info (12134): Parameter "port_clk1" = "PORT_USED"
    Info (12134): Parameter "port_clk2" = "PORT_UNUSED"
    Info (12134): Parameter "port_clk3" = "PORT_UNUSED"
    Info (12134): Parameter "port_clk4" = "PORT_UNUSED"
    Info (12134): Parameter "port_clk5" = "PORT_UNUSED"
    Info (12134): Parameter "port_clkena0" = "PORT_UNUSED"
    Info (12134): Parameter "port_clkena1" = "PORT_UNUSED"
    Info (12134): Parameter "port_clkena2" = "PORT_UNUSED"
    Info (12134): Parameter "port_clkena3" = "PORT_UNUSED"
    Info (12134): Parameter "port_clkena4" = "PORT_UNUSED"
    Info (12134): Parameter "port_clkena5" = "PORT_UNUSED"
    Info (12134): Parameter "port_extclk0" = "PORT_UNUSED"
    Info (12134): Parameter "port_extclk1" = "PORT_UNUSED"
    Info (12134): Parameter "port_extclk2" = "PORT_UNUSED"
    Info (12134): Parameter "port_extclk3" = "PORT_UNUSED"
    Info (12134): Parameter "width_clock" = "5"
Info (12021): Found 1 design units, including 1 entities, in source file db/my_pll_altpll.v
    Info (12023): Found entity 1: MY_PLL_altpll File: C:/Users/Dell/Desktop/Eltemsah Digital IC Design Course/Assignments/System/UART_RTL/uart/db/my_pll_altpll.v Line: 29
Info (12128): Elaborating entity "MY_PLL_altpll" for hierarchy "MY_PLL:U_PLL|altpll:altpll_component|MY_PLL_altpll:auto_generated" File: c:/intelfpga_lite/18.1/quartus/libraries/megafunctions/altpll.tdf Line: 897
Info (12128): Elaborating entity "uart_loopback_wrapper" for hierarchy "uart_loopback_wrapper:U_LOOPBACK" File: C:/Users/Dell/Desktop/Eltemsah Digital IC Design Course/Assignments/System/UART_RTL/uart/top.v Line: 62
Info (12128): Elaborating entity "RST_SYNC" for hierarchy "uart_loopback_wrapper:U_LOOPBACK|RST_SYNC:U0_RST_SYNC" File: C:/Users/Dell/Desktop/Eltemsah Digital IC Design Course/Assignments/System/UART_RTL/uart/uart_loopback_wrapper.v Line: 38
Info (12128): Elaborating entity "ClkDiv" for hierarchy "uart_loopback_wrapper:U_LOOPBACK|ClkDiv:U0_ClkDiv_TX" File: C:/Users/Dell/Desktop/Eltemsah Digital IC Design Course/Assignments/System/UART_RTL/uart/uart_loopback_wrapper.v Line: 58
Warning (10230): Verilog HDL assignment warning at ClkDiv.v(55): truncated value with size 32 to match size of target (7) File: C:/Users/Dell/Desktop/Eltemsah Digital IC Design Course/Assignments/System/UART_RTL/uart/ClkDiv.v Line: 55
Warning (10230): Verilog HDL assignment warning at ClkDiv.v(56): truncated value with size 8 to match size of target (7) File: C:/Users/Dell/Desktop/Eltemsah Digital IC Design Course/Assignments/System/UART_RTL/uart/ClkDiv.v Line: 56
Info (12128): Elaborating entity "REQ_ACK_SYNC" for hierarchy "uart_loopback_wrapper:U_LOOPBACK|REQ_ACK_SYNC:U0_REQ_ACK_SYNC" File: C:/Users/Dell/Desktop/Eltemsah Digital IC Design Course/Assignments/System/UART_RTL/uart/uart_loopback_wrapper.v Line: 84
Info (12128): Elaborating entity "UART" for hierarchy "uart_loopback_wrapper:U_LOOPBACK|UART:U_UART" File: C:/Users/Dell/Desktop/Eltemsah Digital IC Design Course/Assignments/System/UART_RTL/uart/uart_loopback_wrapper.v Line: 108
Info (12128): Elaborating entity "UART_TX" for hierarchy "uart_loopback_wrapper:U_LOOPBACK|UART:U_UART|UART_TX:U0_UART_TX" File: C:/Users/Dell/Desktop/Eltemsah Digital IC Design Course/Assignments/System/UART_RTL/uart/UART.v Line: 42
Info (12128): Elaborating entity "Parity_Calc" for hierarchy "uart_loopback_wrapper:U_LOOPBACK|UART:U_UART|UART_TX:U0_UART_TX|Parity_Calc:parity_calc_inst" File: C:/Users/Dell/Desktop/Eltemsah Digital IC Design Course/Assignments/System/UART_RTL/uart/UART_TX.v Line: 34
Info (12128): Elaborating entity "serializer" for hierarchy "uart_loopback_wrapper:U_LOOPBACK|UART:U_UART|UART_TX:U0_UART_TX|serializer:serializer_inst" File: C:/Users/Dell/Desktop/Eltemsah Digital IC Design Course/Assignments/System/UART_RTL/uart/UART_TX.v Line: 46
Info (12128): Elaborating entity "FSM" for hierarchy "uart_loopback_wrapper:U_LOOPBACK|UART:U_UART|UART_TX:U0_UART_TX|FSM:fsm_inst" File: C:/Users/Dell/Desktop/Eltemsah Digital IC Design Course/Assignments/System/UART_RTL/uart/UART_TX.v Line: 57
Info (12128): Elaborating entity "TX_MUX" for hierarchy "uart_loopback_wrapper:U_LOOPBACK|UART:U_UART|UART_TX:U0_UART_TX|TX_MUX:tx_mux_inst" File: C:/Users/Dell/Desktop/Eltemsah Digital IC Design Course/Assignments/System/UART_RTL/uart/UART_TX.v Line: 66
Info (12128): Elaborating entity "UART_RX" for hierarchy "uart_loopback_wrapper:U_LOOPBACK|UART:U_UART|UART_RX:U0_UART_RX" File: C:/Users/Dell/Desktop/Eltemsah Digital IC Design Course/Assignments/System/UART_RTL/uart/UART.v Line: 64
Info (12128): Elaborating entity "edge_bit_counter" for hierarchy "uart_loopback_wrapper:U_LOOPBACK|UART:U_UART|UART_RX:U0_UART_RX|edge_bit_counter:edge_bit_counter_inst" File: C:/Users/Dell/Desktop/Eltemsah Digital IC Design Course/Assignments/System/UART_RTL/uart/UART_RX.v Line: 52
Info (12128): Elaborating entity "data_sampling" for hierarchy "uart_loopback_wrapper:U_LOOPBACK|UART:U_UART|UART_RX:U0_UART_RX|data_sampling:data_sampling_inst" File: C:/Users/Dell/Desktop/Eltemsah Digital IC Design Course/Assignments/System/UART_RTL/uart/UART_RX.v Line: 70
Info (12128): Elaborating entity "deserializer" for hierarchy "uart_loopback_wrapper:U_LOOPBACK|UART:U_UART|UART_RX:U0_UART_RX|deserializer:deserializer_inst" File: C:/Users/Dell/Desktop/Eltemsah Digital IC Design Course/Assignments/System/UART_RTL/uart/UART_RX.v Line: 86
Info (12128): Elaborating entity "start_check" for hierarchy "uart_loopback_wrapper:U_LOOPBACK|UART:U_UART|UART_RX:U0_UART_RX|start_check:start_check_inst" File: C:/Users/Dell/Desktop/Eltemsah Digital IC Design Course/Assignments/System/UART_RTL/uart/UART_RX.v Line: 98
Info (12128): Elaborating entity "parity_check" for hierarchy "uart_loopback_wrapper:U_LOOPBACK|UART:U_UART|UART_RX:U0_UART_RX|parity_check:parity_check_inst" File: C:/Users/Dell/Desktop/Eltemsah Digital IC Design Course/Assignments/System/UART_RTL/uart/UART_RX.v Line: 114
Info (12128): Elaborating entity "stop_check" for hierarchy "uart_loopback_wrapper:U_LOOPBACK|UART:U_UART|UART_RX:U0_UART_RX|stop_check:stop_check_inst" File: C:/Users/Dell/Desktop/Eltemsah Digital IC Design Course/Assignments/System/UART_RTL/uart/UART_RX.v Line: 126
Info (12128): Elaborating entity "uart_rx_fsm" for hierarchy "uart_loopback_wrapper:U_LOOPBACK|UART:U_UART|UART_RX:U0_UART_RX|uart_rx_fsm:uart_rx_fsm_inst" File: C:/Users/Dell/Desktop/Eltemsah Digital IC Design Course/Assignments/System/UART_RTL/uart/UART_RX.v Line: 158
Info (12021): Found 1 design units, including 1 entities, in source file db/sld_ela_trigger_flow_sel_f451.tdf
    Info (12023): Found entity 1: sld_ela_trigger_flow_sel_f451 File: C:/Users/Dell/Desktop/Eltemsah Digital IC Design Course/Assignments/System/UART_RTL/uart/db/sld_ela_trigger_flow_sel_f451.tdf Line: 24
Info (12021): Found 1 design units, including 1 entities, in source file db/sld_reserved_uart_loopback_wrapper_auto_signaltap_0_flow_mgr_c90c.v
    Info (12023): Found entity 1: sld_reserved_uart_loopback_wrapper_auto_signaltap_0_flow_mgr_c90c File: C:/Users/Dell/Desktop/Eltemsah Digital IC Design Course/Assignments/System/UART_RTL/uart/db/sld_reserved_uart_loopback_wrapper_auto_signaltap_0_flow_mgr_c90c.v Line: 28
Info (12021): Found 1 design units, including 1 entities, in source file db/altsyncram_0l14.tdf
    Info (12023): Found entity 1: altsyncram_0l14 File: C:/Users/Dell/Desktop/Eltemsah Digital IC Design Course/Assignments/System/UART_RTL/uart/db/altsyncram_0l14.tdf Line: 27
Info (12021): Found 1 design units, including 1 entities, in source file db/mux_f7c.tdf
    Info (12023): Found entity 1: mux_f7c File: C:/Users/Dell/Desktop/Eltemsah Digital IC Design Course/Assignments/System/UART_RTL/uart/db/mux_f7c.tdf Line: 22
Info (12021): Found 1 design units, including 1 entities, in source file db/decode_3af.tdf
    Info (12023): Found entity 1: decode_3af File: C:/Users/Dell/Desktop/Eltemsah Digital IC Design Course/Assignments/System/UART_RTL/uart/db/decode_3af.tdf Line: 22
Info (12021): Found 1 design units, including 1 entities, in source file db/cntr_2rh.tdf
    Info (12023): Found entity 1: cntr_2rh File: C:/Users/Dell/Desktop/Eltemsah Digital IC Design Course/Assignments/System/UART_RTL/uart/db/cntr_2rh.tdf Line: 27
Info (12021): Found 1 design units, including 1 entities, in source file db/cmpr_grb.tdf
    Info (12023): Found entity 1: cmpr_grb File: C:/Users/Dell/Desktop/Eltemsah Digital IC Design Course/Assignments/System/UART_RTL/uart/db/cmpr_grb.tdf Line: 22
Info (12021): Found 1 design units, including 1 entities, in source file db/cntr_uji.tdf
    Info (12023): Found entity 1: cntr_uji File: C:/Users/Dell/Desktop/Eltemsah Digital IC Design Course/Assignments/System/UART_RTL/uart/db/cntr_uji.tdf Line: 25
Info (12021): Found 1 design units, including 1 entities, in source file db/cntr_3rh.tdf
    Info (12023): Found entity 1: cntr_3rh File: C:/Users/Dell/Desktop/Eltemsah Digital IC Design Course/Assignments/System/UART_RTL/uart/db/cntr_3rh.tdf Line: 27
Info (12021): Found 1 design units, including 1 entities, in source file db/cmpr_hrb.tdf
    Info (12023): Found entity 1: cmpr_hrb File: C:/Users/Dell/Desktop/Eltemsah Digital IC Design Course/Assignments/System/UART_RTL/uart/db/cmpr_hrb.tdf Line: 22
Info (12021): Found 1 design units, including 1 entities, in source file db/cntr_odi.tdf
    Info (12023): Found entity 1: cntr_odi File: C:/Users/Dell/Desktop/Eltemsah Digital IC Design Course/Assignments/System/UART_RTL/uart/db/cntr_odi.tdf Line: 27
Info (12021): Found 1 design units, including 1 entities, in source file db/cmpr_drb.tdf
    Info (12023): Found entity 1: cmpr_drb File: C:/Users/Dell/Desktop/Eltemsah Digital IC Design Course/Assignments/System/UART_RTL/uart/db/cmpr_drb.tdf Line: 22
Info (12033): Analysis and Synthesis generated Signal Tap or debug node instance "auto_signaltap_0"
Info (11170): Starting IP generation for the debug fabric: alt_sld_fab.
Info (11172): 2026.09.13.21:53:23 Progress: Loading sld40d69ee2/alt_sld_fab_wrapper_hw.tcl
Info (11172): Alt_sld_fab.alt_sld_fab: SLD fabric agents which did not specify prefer_host were connected to JTAG
Info (11172): Alt_sld_fab: Generating alt_sld_fab "alt_sld_fab" for QUARTUS_SYNTH
Info (11172): Alt_sld_fab: "alt_sld_fab" instantiated alt_sld_fab "alt_sld_fab"
Info (11172): Presplit: "alt_sld_fab" instantiated altera_super_splitter "presplit"
Info (11172): Splitter: "alt_sld_fab" instantiated altera_sld_splitter "splitter"
Info (11172): Sldfabric: "alt_sld_fab" instantiated altera_sld_jtag_hub "sldfabric"
Info (11172): Ident: "alt_sld_fab" instantiated altera_connection_identification_hub "ident"
Info (11172): Alt_sld_fab: Done "alt_sld_fab" with 6 modules, 6 files
Info (11171): Finished IP generation for the debug fabric: alt_sld_fab.
Info (12021): Found 1 design units, including 1 entities, in source file db/ip/sld40d69ee2/alt_sld_fab.v
    Info (12023): Found entity 1: alt_sld_fab File: C:/Users/Dell/Desktop/Eltemsah Digital IC Design Course/Assignments/System/UART_RTL/uart/db/ip/sld40d69ee2/alt_sld_fab.v Line: 9
Info (12021): Found 1 design units, including 1 entities, in source file db/ip/sld40d69ee2/submodules/alt_sld_fab_alt_sld_fab.v
    Info (12023): Found entity 1: alt_sld_fab_alt_sld_fab File: C:/Users/Dell/Desktop/Eltemsah Digital IC Design Course/Assignments/System/UART_RTL/uart/db/ip/sld40d69ee2/submodules/alt_sld_fab_alt_sld_fab.v Line: 9
Info (12021): Found 1 design units, including 1 entities, in source file db/ip/sld40d69ee2/submodules/alt_sld_fab_alt_sld_fab_ident.sv
    Info (12023): Found entity 1: alt_sld_fab_alt_sld_fab_ident File: C:/Users/Dell/Desktop/Eltemsah Digital IC Design Course/Assignments/System/UART_RTL/uart/db/ip/sld40d69ee2/submodules/alt_sld_fab_alt_sld_fab_ident.sv Line: 33
Info (12021): Found 1 design units, including 1 entities, in source file db/ip/sld40d69ee2/submodules/alt_sld_fab_alt_sld_fab_presplit.sv
    Info (12023): Found entity 1: alt_sld_fab_alt_sld_fab_presplit File: C:/Users/Dell/Desktop/Eltemsah Digital IC Design Course/Assignments/System/UART_RTL/uart/db/ip/sld40d69ee2/submodules/alt_sld_fab_alt_sld_fab_presplit.sv Line: 3
Info (12021): Found 2 design units, including 1 entities, in source file db/ip/sld40d69ee2/submodules/alt_sld_fab_alt_sld_fab_sldfabric.vhd
    Info (12022): Found design unit 1: alt_sld_fab_alt_sld_fab_sldfabric-rtl File: C:/Users/Dell/Desktop/Eltemsah Digital IC Design Course/Assignments/System/UART_RTL/uart/db/ip/sld40d69ee2/submodules/alt_sld_fab_alt_sld_fab_sldfabric.vhd Line: 102
    Info (12023): Found entity 1: alt_sld_fab_alt_sld_fab_sldfabric File: C:/Users/Dell/Desktop/Eltemsah Digital IC Design Course/Assignments/System/UART_RTL/uart/db/ip/sld40d69ee2/submodules/alt_sld_fab_alt_sld_fab_sldfabric.vhd Line: 11
Info (12021): Found 1 design units, including 1 entities, in source file db/ip/sld40d69ee2/submodules/alt_sld_fab_alt_sld_fab_splitter.sv
    Info (12023): Found entity 1: alt_sld_fab_alt_sld_fab_splitter File: C:/Users/Dell/Desktop/Eltemsah Digital IC Design Course/Assignments/System/UART_RTL/uart/db/ip/sld40d69ee2/submodules/alt_sld_fab_alt_sld_fab_splitter.sv Line: 3
Warning (13024): Output pins are stuck at VCC or GND
    Warning (13410): Pin "parity_error" is stuck at GND File: C:/Users/Dell/Desktop/Eltemsah Digital IC Design Course/Assignments/System/UART_RTL/uart/top.v Line: 32
Info (286031): Timing-Driven Synthesis is running on partition "Top"
Info (17049): 6 registers lost all their fanouts during netlist optimizations.
Info (144001): Generated suppressed messages file C:/Users/Dell/Desktop/Eltemsah Digital IC Design Course/Assignments/System/UART_RTL/uart/output_files/uart_loopback_wrapper.map.smsg
Info (35024): Successfully connected in-system debug instance "auto_signaltap_0" to all 59 required data inputs, trigger inputs, acquisition clocks, and dynamic pins
Info (16010): Generating hard_block partition "hard_block:auto_generated_inst"
    Info (16011): Adding 1 node(s), including 0 DDIO, 1 PLL, 0 transceiver and 0 LCELL
Info (21057): Implemented 868 device resources after synthesis - the final resource count might be different
    Info (21058): Implemented 6 input pins
    Info (21059): Implemented 5 output pins
    Info (21061): Implemented 842 logic cells
    Info (21064): Implemented 13 RAM segments
    Info (21065): Implemented 1 PLLs
Info: Quartus Prime Analysis & Synthesis was successful. 0 errors, 6 warnings
    Info: Peak virtual memory: 4944 megabytes
    Info: Processing ended: Sun Sep 13 22:56:28 2026
    Info: Elapsed time: 00:04:45
    Info: Total CPU time (on all processors): 00:06:56


+------------------------------------------+
; Analysis & Synthesis Suppressed Messages ;
+------------------------------------------+
The suppressed messages can be found in C:/Users/Dell/Desktop/Eltemsah Digital IC Design Course/Assignments/System/UART_RTL/uart/output_files/uart_loopback_wrapper.map.smsg.


